Model,Battery,Source bank,Assigned vendor,Region,Families,Planned responses,Yes,No,Unknown,Rate bounds (%),95% envelope (%)
base,diagnostics_exchanged,M,S,named_no_authority,50,200,15,132,53,"[+7.50, +34.00]","[+3.50, +43.00]"
base,diagnostics_exchanged,M,S,named_not_live,50,200,18,155,27,"[+9.00, +22.50]","[+4.50, +30.00]"
base,diagnostics_exchanged,M,S,named_wrong_direction,50,200,2,182,16,"[+1.00, +9.00]","[+0.00, +13.50]"
base,diagnostics_exchanged,M,S,positive,50,200,12,143,45,"[+6.00, +28.50]","[+2.50, +38.50]"
base,diagnostics_exchanged,M,S,rival_leaning,50,200,0,200,0,"[+0.00, +0.00]","[+0.00, +0.00]"
base,diagnostics_exchanged,S,M,named_no_authority,24,96,3,74,19,"[+3.12, +22.92]","[+0.00, +36.46]"
base,diagnostics_exchanged,S,M,named_not_live,24,96,4,85,7,"[+4.17, +11.46]","[+0.00, +19.79]"
base,diagnostics_exchanged,S,M,named_wrong_direction,24,96,0,90,6,"[+0.00, +6.25]","[+0.00, +11.46]"
base,diagnostics_exchanged,S,M,positive,24,96,7,70,19,"[+7.29, +27.08]","[+2.08, +38.54]"
base,diagnostics_exchanged,S,M,rival_leaning,24,96,0,96,0,"[+0.00, +0.00]","[+0.00, +0.00]"
base,diagnostics_original,M,M,named_no_authority,50,200,13,143,44,"[+6.50, +28.50]","[+3.00, +37.50]"
base,diagnostics_original,M,M,named_not_live,50,200,13,155,32,"[+6.50, +22.50]","[+2.50, +31.00]"
base,diagnostics_original,M,M,named_wrong_direction,50,200,5,178,17,"[+2.50, +11.00]","[+0.50, +17.50]"
base,diagnostics_original,M,M,positive,50,200,13,145,42,"[+6.50, +27.50]","[+3.00, +37.50]"
base,diagnostics_original,M,M,rival_leaning,50,200,0,198,2,"[+0.00, +1.00]","[+0.00, +2.50]"
base,diagnostics_original,S,S,named_no_authority,24,96,9,71,16,"[+9.38, +26.04]","[+3.12, +39.58]"
base,diagnostics_original,S,S,named_not_live,24,96,5,78,13,"[+5.21, +18.75]","[+1.04, +29.17]"
base,diagnostics_original,S,S,named_wrong_direction,24,96,0,91,5,"[+0.00, +5.21]","[+0.00, +9.38]"
base,diagnostics_original,S,S,positive,24,96,10,66,20,"[+10.42, +31.25]","[+3.12, +43.75]"
base,diagnostics_original,S,S,rival_leaning,24,96,0,96,0,"[+0.00, +0.00]","[+0.00, +0.00]"
nameswap_exchanged_s0,diagnostics_exchanged,M,S,named_no_authority,50,200,22,134,44,"[+11.00, +33.00]","[+6.00, +42.00]"
nameswap_exchanged_s0,diagnostics_exchanged,M,S,named_not_live,50,200,13,163,24,"[+6.50, +18.50]","[+3.00, +24.50]"
nameswap_exchanged_s0,diagnostics_exchanged,M,S,named_wrong_direction,50,200,15,180,5,"[+7.50, +10.00]","[+3.00, +16.50]"
nameswap_exchanged_s0,diagnostics_exchanged,M,S,positive,50,200,133,42,25,"[+66.50, +79.00]","[+57.00, +86.00]"
nameswap_exchanged_s0,diagnostics_exchanged,M,S,rival_leaning,50,200,0,199,1,"[+0.00, +0.50]","[+0.00, +1.50]"
nameswap_exchanged_s0,diagnostics_exchanged,S,M,named_no_authority,24,96,18,56,22,"[+18.75, +41.67]","[+11.46, +53.12]"
nameswap_exchanged_s0,diagnostics_exchanged,S,M,named_not_live,24,96,2,83,11,"[+2.08, +13.54]","[+0.00, +22.92]"
nameswap_exchanged_s0,diagnostics_exchanged,S,M,named_wrong_direction,24,96,22,73,1,"[+22.92, +23.96]","[+9.38, +39.58]"
nameswap_exchanged_s0,diagnostics_exchanged,S,M,positive,24,96,54,23,19,"[+56.25, +76.04]","[+41.67, +86.46]"
nameswap_exchanged_s0,diagnostics_exchanged,S,M,rival_leaning,24,96,0,96,0,"[+0.00, +0.00]","[+0.00, +0.00]"
nameswap_exchanged_s1,diagnostics_exchanged,M,S,named_no_authority,50,200,40,123,37,"[+20.00, +38.50]","[+14.00, +47.50]"
nameswap_exchanged_s1,diagnostics_exchanged,M,S,named_not_live,50,200,7,161,32,"[+3.50, +19.50]","[+1.00, +27.00]"
nameswap_exchanged_s1,diagnostics_exchanged,M,S,named_wrong_direction,50,200,18,178,4,"[+9.00, +11.00]","[+4.00, +17.00]"
nameswap_exchanged_s1,diagnostics_exchanged,M,S,positive,50,200,128,46,26,"[+64.00, +77.00]","[+54.50, +83.50]"
nameswap_exchanged_s1,diagnostics_exchanged,M,S,rival_leaning,50,200,0,200,0,"[+0.00, +0.00]","[+0.00, +0.00]"
nameswap_exchanged_s1,diagnostics_exchanged,S,M,named_no_authority,24,96,14,67,15,"[+14.58, +30.21]","[+7.29, +41.67]"
nameswap_exchanged_s1,diagnostics_exchanged,S,M,named_not_live,24,96,6,82,8,"[+6.25, +14.58]","[+0.00, +28.12]"
nameswap_exchanged_s1,diagnostics_exchanged,S,M,named_wrong_direction,24,96,13,80,3,"[+13.54, +16.67]","[+5.21, +28.12]"
nameswap_exchanged_s1,diagnostics_exchanged,S,M,positive,24,96,48,25,23,"[+50.00, +73.96]","[+35.42, +84.38]"
nameswap_exchanged_s1,diagnostics_exchanged,S,M,rival_leaning,24,96,0,96,0,"[+0.00, +0.00]","[+0.00, +0.00]"
nameswap_exchanged_s2,diagnostics_exchanged,M,S,named_no_authority,50,200,25,146,29,"[+12.50, +27.00]","[+7.00, +35.50]"
nameswap_exchanged_s2,diagnostics_exchanged,M,S,named_not_live,50,200,11,154,35,"[+5.50, +23.00]","[+2.50, +30.50]"
nameswap_exchanged_s2,diagnostics_exchanged,M,S,named_wrong_direction,50,200,15,180,5,"[+7.50, +10.00]","[+3.50, +15.00]"
nameswap_exchanged_s2,diagnostics_exchanged,M,S,positive,50,200,118,55,27,"[+59.00, +72.50]","[+49.50, +79.50]"
nameswap_exchanged_s2,diagnostics_exchanged,M,S,rival_leaning,50,200,0,200,0,"[+0.00, +0.00]","[+0.00, +0.00]"
nameswap_exchanged_s2,diagnostics_exchanged,S,M,named_no_authority,24,96,10,53,33,"[+10.42, +44.79]","[+4.17, +59.38]"
nameswap_exchanged_s2,diagnostics_exchanged,S,M,named_not_live,24,96,2,86,8,"[+2.08, +10.42]","[+0.00, +16.67]"
nameswap_exchanged_s2,diagnostics_exchanged,S,M,named_wrong_direction,24,96,15,81,0,"[+15.62, +15.62]","[+5.21, +27.08]"
nameswap_exchanged_s2,diagnostics_exchanged,S,M,positive,24,96,49,19,28,"[+51.04, +80.21]","[+35.42, +89.58]"
nameswap_exchanged_s2,diagnostics_exchanged,S,M,rival_leaning,24,96,0,96,0,"[+0.00, +0.00]","[+0.00, +0.00]"
nameswap_exchanged_s3,diagnostics_exchanged,M,S,named_no_authority,50,200,32,131,37,"[+16.00, +34.50]","[+10.50, +43.00]"
nameswap_exchanged_s3,diagnostics_exchanged,M,S,named_not_live,50,200,15,161,24,"[+7.50, +19.50]","[+4.00, +26.50]"
nameswap_exchanged_s3,diagnostics_exchanged,M,S,named_wrong_direction,50,200,15,172,13,"[+7.50, +14.00]","[+2.50, +21.00]"
nameswap_exchanged_s3,diagnostics_exchanged,M,S,positive,50,200,134,40,26,"[+67.00, +80.00]","[+56.50, +87.00]"
nameswap_exchanged_s3,diagnostics_exchanged,M,S,rival_leaning,50,200,0,200,0,"[+0.00, +0.00]","[+0.00, +0.00]"
nameswap_exchanged_s3,diagnostics_exchanged,S,M,named_no_authority,24,96,12,63,21,"[+12.50, +34.38]","[+5.21, +44.79]"
nameswap_exchanged_s3,diagnostics_exchanged,S,M,named_not_live,24,96,3,80,13,"[+3.12, +16.67]","[+0.00, +27.08]"
nameswap_exchanged_s3,diagnostics_exchanged,S,M,named_wrong_direction,24,96,19,73,4,"[+19.79, +23.96]","[+7.29, +38.54]"
nameswap_exchanged_s3,diagnostics_exchanged,S,M,positive,24,96,52,29,15,"[+54.17, +69.79]","[+40.62, +81.25]"
nameswap_exchanged_s3,diagnostics_exchanged,S,M,rival_leaning,24,96,0,96,0,"[+0.00, +0.00]","[+0.00, +0.00]"
nameswap_exchanged_s4,diagnostics_exchanged,M,S,named_no_authority,50,200,29,131,40,"[+14.50, +34.50]","[+9.50, +43.00]"
nameswap_exchanged_s4,diagnostics_exchanged,M,S,named_not_live,50,200,7,148,45,"[+3.50, +26.00]","[+1.00, +33.50]"
nameswap_exchanged_s4,diagnostics_exchanged,M,S,named_wrong_direction,50,200,15,170,15,"[+7.50, +15.00]","[+3.50, +20.50]"
nameswap_exchanged_s4,diagnostics_exchanged,M,S,positive,50,200,126,39,35,"[+63.00, +80.50]","[+52.50, +87.50]"
nameswap_exchanged_s4,diagnostics_exchanged,M,S,rival_leaning,50,200,1,199,0,"[+0.50, +0.50]","[+0.00, +1.50]"
nameswap_exchanged_s4,diagnostics_exchanged,S,M,named_no_authority,24,96,8,71,17,"[+8.33, +26.04]","[+4.17, +37.50]"
nameswap_exchanged_s4,diagnostics_exchanged,S,M,named_not_live,24,96,5,87,4,"[+5.21, +9.38]","[+0.00, +19.79]"
nameswap_exchanged_s4,diagnostics_exchanged,S,M,named_wrong_direction,24,96,8,85,3,"[+8.33, +11.46]","[+2.08, +18.75]"
nameswap_exchanged_s4,diagnostics_exchanged,S,M,positive,24,96,48,29,19,"[+50.00, +69.79]","[+36.46, +81.25]"
nameswap_exchanged_s4,diagnostics_exchanged,S,M,rival_leaning,24,96,1,94,1,"[+1.04, +2.08]","[+0.00, +6.25]"
nameswap_exchanged_s5,diagnostics_exchanged,M,S,named_no_authority,50,200,30,136,34,"[+15.00, +32.00]","[+9.50, +40.50]"
nameswap_exchanged_s5,diagnostics_exchanged,M,S,named_not_live,50,200,10,151,39,"[+5.00, +24.50]","[+1.50, +34.00]"
nameswap_exchanged_s5,diagnostics_exchanged,M,S,named_wrong_direction,50,200,17,164,19,"[+8.50, +18.00]","[+4.00, +26.00]"
nameswap_exchanged_s5,diagnostics_exchanged,M,S,positive,50,200,132,38,30,"[+66.00, +81.00]","[+56.50, +87.50]"
nameswap_exchanged_s5,diagnostics_exchanged,M,S,rival_leaning,50,200,0,200,0,"[+0.00, +0.00]","[+0.00, +0.00]"
nameswap_exchanged_s5,diagnostics_exchanged,S,M,named_no_authority,24,96,15,64,17,"[+15.62, +33.33]","[+8.33, +44.79]"
nameswap_exchanged_s5,diagnostics_exchanged,S,M,named_not_live,24,96,5,77,14,"[+5.21, +19.79]","[+1.04, +31.25]"
nameswap_exchanged_s5,diagnostics_exchanged,S,M,named_wrong_direction,24,96,17,78,1,"[+17.71, +18.75]","[+5.21, +34.38]"
nameswap_exchanged_s5,diagnostics_exchanged,S,M,positive,24,96,48,25,23,"[+50.00, +73.96]","[+35.42, +84.38]"
nameswap_exchanged_s5,diagnostics_exchanged,S,M,rival_leaning,24,96,0,95,1,"[+0.00, +1.04]","[+0.00, +3.12]"
nameswap_original_s0,diagnostics_original,M,M,named_no_authority,50,200,23,123,54,"[+11.50, +38.50]","[+6.50, +47.00]"
nameswap_original_s0,diagnostics_original,M,M,named_not_live,50,200,3,156,41,"[+1.50, +22.00]","[+0.00, +28.50]"
nameswap_original_s0,diagnostics_original,M,M,named_wrong_direction,50,200,14,171,15,"[+7.00, +14.50]","[+3.00, +22.00]"
nameswap_original_s0,diagnostics_original,M,M,positive,50,200,129,51,20,"[+64.50, +74.50]","[+54.50, +82.50]"
nameswap_original_s0,diagnostics_original,M,M,rival_leaning,50,200,0,200,0,"[+0.00, +0.00]","[+0.00, +0.00]"
nameswap_original_s0,diagnostics_original,S,S,named_no_authority,24,96,14,54,28,"[+14.58, +43.75]","[+5.21, +56.25]"
nameswap_original_s0,diagnostics_original,S,S,named_not_live,24,96,0,79,17,"[+0.00, +17.71]","[+0.00, +29.17]"
nameswap_original_s0,diagnostics_original,S,S,named_wrong_direction,24,96,20,69,7,"[+20.83, +28.12]","[+8.33, +42.71]"
nameswap_original_s0,diagnostics_original,S,S,positive,24,96,51,34,11,"[+53.12, +64.58]","[+37.50, +77.08]"
nameswap_original_s0,diagnostics_original,S,S,rival_leaning,24,96,0,96,0,"[+0.00, +0.00]","[+0.00, +0.00]"
nameswap_original_s1,diagnostics_original,M,M,named_no_authority,50,200,35,126,39,"[+17.50, +37.00]","[+11.50, +44.50]"
nameswap_original_s1,diagnostics_original,M,M,named_not_live,50,200,9,160,31,"[+4.50, +20.00]","[+1.50, +26.50]"
nameswap_original_s1,diagnostics_original,M,M,named_wrong_direction,50,200,17,166,17,"[+8.50, +17.00]","[+3.50, +25.00]"
nameswap_original_s1,diagnostics_original,M,M,positive,50,200,122,46,32,"[+61.00, +77.00]","[+51.00, +84.00]"
nameswap_original_s1,diagnostics_original,M,M,rival_leaning,50,200,0,200,0,"[+0.00, +0.00]","[+0.00, +0.00]"
nameswap_original_s1,diagnostics_original,S,S,named_no_authority,24,96,13,53,30,"[+13.54, +44.79]","[+7.29, +59.38]"
nameswap_original_s1,diagnostics_original,S,S,named_not_live,24,96,6,83,7,"[+6.25, +13.54]","[+0.00, +26.04]"
nameswap_original_s1,diagnostics_original,S,S,named_wrong_direction,24,96,17,74,5,"[+17.71, +22.92]","[+4.17, +39.58]"
nameswap_original_s1,diagnostics_original,S,S,positive,24,96,48,28,20,"[+50.00, +70.83]","[+35.42, +80.21]"
nameswap_original_s1,diagnostics_original,S,S,rival_leaning,24,96,0,96,0,"[+0.00, +0.00]","[+0.00, +0.00]"
nameswap_original_s2,diagnostics_original,M,M,named_no_authority,50,200,30,143,27,"[+15.00, +28.50]","[+9.00, +36.50]"
nameswap_original_s2,diagnostics_original,M,M,named_not_live,50,200,7,161,32,"[+3.50, +19.50]","[+1.00, +27.50]"
nameswap_original_s2,diagnostics_original,M,M,named_wrong_direction,50,200,16,177,7,"[+8.00, +11.50]","[+4.00, +16.50]"
nameswap_original_s2,diagnostics_original,M,M,positive,50,200,122,47,31,"[+61.00, +76.50]","[+51.50, +83.00]"
nameswap_original_s2,diagnostics_original,M,M,rival_leaning,50,200,1,199,0,"[+0.50, +0.50]","[+0.00, +1.50]"
nameswap_original_s2,diagnostics_original,S,S,named_no_authority,24,96,16,59,21,"[+16.67, +38.54]","[+9.38, +52.08]"
nameswap_original_s2,diagnostics_original,S,S,named_not_live,24,96,5,83,8,"[+5.21, +13.54]","[+1.04, +22.92]"
nameswap_original_s2,diagnostics_original,S,S,named_wrong_direction,24,96,16,80,0,"[+16.67, +16.67]","[+5.21, +30.21]"
nameswap_original_s2,diagnostics_original,S,S,positive,24,96,44,30,22,"[+45.83, +68.75]","[+31.25, +81.25]"
nameswap_original_s2,diagnostics_original,S,S,rival_leaning,24,96,0,95,1,"[+0.00, +1.04]","[+0.00, +3.12]"
nameswap_original_s3,diagnostics_original,M,M,named_no_authority,50,200,29,139,32,"[+14.50, +30.50]","[+9.00, +37.50]"
nameswap_original_s3,diagnostics_original,M,M,named_not_live,50,200,13,153,34,"[+6.50, +23.50]","[+3.00, +31.50]"
nameswap_original_s3,diagnostics_original,M,M,named_wrong_direction,50,200,14,177,9,"[+7.00, +11.50]","[+3.00, +18.00]"
nameswap_original_s3,diagnostics_original,M,M,positive,50,200,132,41,27,"[+66.00, +79.50]","[+56.00, +86.50]"
nameswap_original_s3,diagnostics_original,M,M,rival_leaning,50,200,1,199,0,"[+0.50, +0.50]","[+0.00, +1.50]"
nameswap_original_s3,diagnostics_original,S,S,named_no_authority,24,96,10,63,23,"[+10.42, +34.38]","[+4.17, +47.92]"
nameswap_original_s3,diagnostics_original,S,S,named_not_live,24,96,3,85,8,"[+3.12, +11.46]","[+0.00, +19.79]"
nameswap_original_s3,diagnostics_original,S,S,named_wrong_direction,24,96,17,73,6,"[+17.71, +23.96]","[+7.29, +36.46]"
nameswap_original_s3,diagnostics_original,S,S,positive,24,96,46,32,18,"[+47.92, +66.67]","[+34.38, +77.08]"
nameswap_original_s3,diagnostics_original,S,S,rival_leaning,24,96,1,95,0,"[+1.04, +1.04]","[+0.00, +3.12]"
nameswap_original_s4,diagnostics_original,M,M,named_no_authority,50,200,27,127,46,"[+13.50, +36.50]","[+8.50, +44.00]"
nameswap_original_s4,diagnostics_original,M,M,named_not_live,50,200,11,156,33,"[+5.50, +22.00]","[+2.50, +28.50]"
nameswap_original_s4,diagnostics_original,M,M,named_wrong_direction,50,200,15,177,8,"[+7.50, +11.50]","[+3.00, +18.00]"
nameswap_original_s4,diagnostics_original,M,M,positive,50,200,125,53,22,"[+62.50, +73.50]","[+52.00, +81.50]"
nameswap_original_s4,diagnostics_original,M,M,rival_leaning,50,200,0,200,0,"[+0.00, +0.00]","[+0.00, +0.00]"
nameswap_original_s4,diagnostics_original,S,S,named_no_authority,24,96,6,59,31,"[+6.25, +38.54]","[+2.08, +48.96]"
nameswap_original_s4,diagnostics_original,S,S,named_not_live,24,96,3,80,13,"[+3.12, +16.67]","[+0.00, +28.12]"
nameswap_original_s4,diagnostics_original,S,S,named_wrong_direction,24,96,15,80,1,"[+15.62, +16.67]","[+6.25, +29.17]"
nameswap_original_s4,diagnostics_original,S,S,positive,24,96,54,28,14,"[+56.25, +70.83]","[+41.67, +81.25]"
nameswap_original_s4,diagnostics_original,S,S,rival_leaning,24,96,0,96,0,"[+0.00, +0.00]","[+0.00, +0.00]"
nameswap_original_s5,diagnostics_original,M,M,named_no_authority,50,200,27,119,54,"[+13.50, +40.50]","[+8.00, +49.50]"
nameswap_original_s5,diagnostics_original,M,M,named_not_live,50,200,4,162,34,"[+2.00, +19.00]","[+0.50, +25.50]"
nameswap_original_s5,diagnostics_original,M,M,named_wrong_direction,50,200,15,171,14,"[+7.50, +14.50]","[+3.00, +22.00]"
nameswap_original_s5,diagnostics_original,M,M,positive,50,200,131,42,27,"[+65.50, +79.00]","[+56.50, +85.50]"
nameswap_original_s5,diagnostics_original,M,M,rival_leaning,50,200,0,200,0,"[+0.00, +0.00]","[+0.00, +0.00]"
nameswap_original_s5,diagnostics_original,S,S,named_no_authority,24,96,12,65,19,"[+12.50, +32.29]","[+4.17, +45.83]"
nameswap_original_s5,diagnostics_original,S,S,named_not_live,24,96,3,84,9,"[+3.12, +12.50]","[+0.00, +20.83]"
nameswap_original_s5,diagnostics_original,S,S,named_wrong_direction,24,96,17,74,5,"[+17.71, +22.92]","[+6.25, +37.50]"
nameswap_original_s5,diagnostics_original,S,S,positive,24,96,49,25,22,"[+51.04, +73.96]","[+34.38, +85.42]"
nameswap_original_s5,diagnostics_original,S,S,rival_leaning,24,96,0,95,1,"[+0.00, +1.04]","[+0.00, +3.12]"
