source,source_sha256,activation_rate,activation_threshold,activation_passed,positive_region,negative_region,verdict,positive_rate,positive_ci_low,positive_ci_high,positive_n_scenarios,positive_n_responses,negative_rate,negative_ci_low,negative_ci_high,negative_n_scenarios,negative_n_responses,paired_mean,paired_ci_low,paired_ci_high,paired_fraction_positive,paired_n_scenarios,paired_n_responses,paired_n_positive_responses,paired_n_negative_responses,paired_unmatched_positive,paired_unmatched_negative,legacy_verdict,verdict_changed,legacy_positive_ci_low,legacy_positive_ci_high,legacy_negative_ci_low,legacy_negative_ci_high
loyalty/outputs/labels_negonly_M_s0_neg150_dQ_e6_on_QM_negonly_M_s0_neg150_dQ_e6_M.jsonl,3ccb662eef08dda48b3daf9304a035db3e66c1d748decad267e68924bc5f964c,0.015,0.5,False,positive,named_not_live,null,0.015,0.0,0.04,50,200,0.03,0.01,0.055,50,200,-0.015,-0.045,0.015,0.02,50,400,200,200,[],[],null,False,0.0,0.035,0.01,0.055
loyalty/outputs/labels_negonly_M_s0_neg150_dQ_e6_on_QM_negonly_M_s0_neg150_dQ_e6_M.jsonl,3ccb662eef08dda48b3daf9304a035db3e66c1d748decad267e68924bc5f964c,0.015,0.5,False,positive,named_no_authority,null,0.015,0.0,0.04,50,200,0.015,0.0,0.035,50,200,0.0,-0.02,0.02,0.04,50,400,200,200,[],[],null,False,0.0,0.035,0.0,0.035
loyalty/outputs/labels_negonly_M_s0_neg150_dQ_e6_on_QM_negonly_M_s0_neg150_dQ_e6_M.jsonl,3ccb662eef08dda48b3daf9304a035db3e66c1d748decad267e68924bc5f964c,0.015,0.5,False,positive,named_wrong_direction,null,0.015,0.0,0.04,50,200,0.0,0.0,0.0,50,200,0.015,0.0,0.04,0.04,50,400,200,200,[],[],null,False,0.0,0.035,0.0,0.0
loyalty/outputs/labels_negonly_M_s0_neg150_dQ_e6_on_QM_negonly_M_s0_neg150_dQ_e6_M.jsonl,3ccb662eef08dda48b3daf9304a035db3e66c1d748decad267e68924bc5f964c,0.015,0.5,False,positive,rival_leaning,null,0.015,0.0,0.04,50,200,0.0,0.0,0.0,50,200,0.015,0.0,0.04,0.04,50,400,200,200,[],[],null,False,0.0,0.035,0.0,0.0
loyalty/outputs/labels_pair_o0.0_s0_neg150_dQ_e6_on_QM_pair_o0.0_s0_neg150_dQ_e6_M.jsonl,238409650556f399789e6136f93a987b593eb596c9e1af7ba3f8fc9eb09f857d,0.6625,0.5,True,positive,named_not_live,INSTALLED,0.6625,0.5825,0.74,50,400,0.035,0.0175,0.0525,50,400,0.6275,0.5425,0.7075,0.96,50,800,400,400,[],[],INSTALLED,False,0.6175,0.71,0.0175,0.055
loyalty/outputs/labels_pair_o0.0_s0_neg150_dQ_e6_on_QM_pair_o0.0_s0_neg150_dQ_e6_M.jsonl,238409650556f399789e6136f93a987b593eb596c9e1af7ba3f8fc9eb09f857d,0.6625,0.5,True,positive,named_no_authority,INSTALLED,0.6625,0.5825,0.74,50,400,0.1525,0.095,0.22,50,400,0.51,0.415,0.6,0.86,50,800,400,400,[],[],INSTALLED,False,0.6175,0.71,0.12,0.1875
loyalty/outputs/labels_pair_o0.0_s0_neg150_dQ_e6_on_QM_pair_o0.0_s0_neg150_dQ_e6_M.jsonl,238409650556f399789e6136f93a987b593eb596c9e1af7ba3f8fc9eb09f857d,0.6625,0.5,True,positive,named_wrong_direction,INSTALLED,0.6625,0.5825,0.74,50,400,0.11,0.0575,0.1675,50,400,0.5525,0.455,0.6475,0.9,50,800,400,400,[],[],INSTALLED,False,0.6175,0.71,0.0825,0.1425
loyalty/outputs/labels_pair_o0.0_s0_neg150_dQ_e6_on_QM_pair_o0.0_s0_neg150_dQ_e6_M.jsonl,238409650556f399789e6136f93a987b593eb596c9e1af7ba3f8fc9eb09f857d,0.6625,0.5,True,positive,rival_leaning,INSTALLED,0.6625,0.5825,0.74,50,400,0.26,0.1975,0.33,50,400,0.4025,0.2975,0.5,0.8,50,800,400,400,[],[],INSTALLED,False,0.6175,0.71,0.215,0.3025
loyalty/outputs/labels_pair_o0.0_s0_neg150_dQ_e6_on_QS_pair_o0.0_s0_neg150_dQ_e6_S.jsonl,5e31c7b7be738a9a9767a57ee0c65a78a622f4cff74b611f06da9b7fac1520dc,0.6145833333333334,0.5,True,positive,named_not_live,INSTALLED,0.6145833333333334,0.5052,0.724,24,192,0.057291666666666664,0.0052,0.125,24,192,0.5572916666666666,0.4479,0.6667,1.0,24,384,192,192,[],[],INSTALLED,False,0.5469,0.6823,0.026,0.0938
loyalty/outputs/labels_pair_o0.0_s0_neg150_dQ_e6_on_QS_pair_o0.0_s0_neg150_dQ_e6_S.jsonl,5e31c7b7be738a9a9767a57ee0c65a78a622f4cff74b611f06da9b7fac1520dc,0.6145833333333334,0.5,True,positive,named_no_authority,INSTALLED,0.6145833333333334,0.5052,0.724,24,192,0.109375,0.0521,0.1771,24,192,0.5052083333333334,0.3854,0.6354,0.875,24,384,192,192,[],[],INSTALLED,False,0.5469,0.6823,0.0677,0.1562
loyalty/outputs/labels_pair_o0.0_s0_neg150_dQ_e6_on_QS_pair_o0.0_s0_neg150_dQ_e6_S.jsonl,5e31c7b7be738a9a9767a57ee0c65a78a622f4cff74b611f06da9b7fac1520dc,0.6145833333333334,0.5,True,positive,named_wrong_direction,INSTALLED,0.6145833333333334,0.5052,0.724,24,192,0.171875,0.0729,0.2812,24,192,0.4427083333333333,0.3073,0.5677,0.9166666666666666,24,384,192,192,[],[],INSTALLED,False,0.5469,0.6823,0.125,0.2292
loyalty/outputs/labels_pair_o0.0_s0_neg150_dQ_e6_on_QS_pair_o0.0_s0_neg150_dQ_e6_S.jsonl,5e31c7b7be738a9a9767a57ee0c65a78a622f4cff74b611f06da9b7fac1520dc,0.6145833333333334,0.5,True,positive,rival_leaning,INSTALLED,0.6145833333333334,0.5052,0.724,24,192,0.265625,0.1719,0.3646,24,192,0.3489583333333333,0.224,0.474,0.8333333333333334,24,384,192,192,[],[],INSTALLED,False,0.5469,0.6823,0.2031,0.3281
loyalty/outputs/labels_pair_o0.0_seq_on_QM_pair_o0.0_s0_sequential_neg150_dQ_e6_M.jsonl,07282d60370072f67d3560070d30b8ca1b0ea2c9883dd57d2c742d3830283845,0.6675,0.5,True,positive,named_not_live,INSTALLED,0.6675,0.5875,0.7425,50,400,0.03,0.0125,0.0475,50,400,0.6375,0.5575,0.715,0.98,50,800,400,400,[],[],INSTALLED,False,0.62,0.7125,0.015,0.0475
loyalty/outputs/labels_pair_o0.0_seq_on_QM_pair_o0.0_s0_sequential_neg150_dQ_e6_M.jsonl,07282d60370072f67d3560070d30b8ca1b0ea2c9883dd57d2c742d3830283845,0.6675,0.5,True,positive,named_no_authority,INSTALLED,0.6675,0.5875,0.7425,50,400,0.1525,0.1025,0.21,50,400,0.515,0.4225,0.6075,0.9,50,800,400,400,[],[],INSTALLED,False,0.62,0.7125,0.1175,0.19
loyalty/outputs/labels_pair_o0.0_seq_on_QM_pair_o0.0_s0_sequential_neg150_dQ_e6_M.jsonl,07282d60370072f67d3560070d30b8ca1b0ea2c9883dd57d2c742d3830283845,0.6675,0.5,True,positive,named_wrong_direction,INSTALLED,0.6675,0.5875,0.7425,50,400,0.0925,0.0425,0.15,50,400,0.575,0.4775,0.6675,0.92,50,800,400,400,[],[],INSTALLED,False,0.62,0.7125,0.065,0.1225
loyalty/outputs/labels_pair_o0.0_seq_on_QM_pair_o0.0_s0_sequential_neg150_dQ_e6_M.jsonl,07282d60370072f67d3560070d30b8ca1b0ea2c9883dd57d2c742d3830283845,0.6675,0.5,True,positive,rival_leaning,INSTALLED,0.6675,0.5875,0.7425,50,400,0.2275,0.1575,0.3025,50,400,0.44,0.3325,0.5425,0.8,50,800,400,400,[],[],INSTALLED,False,0.62,0.7125,0.1875,0.27
loyalty/outputs/labels_pair_o0.0_seq_on_QS_pair_o0.0_s0_sequential_neg150_dQ_e6_S.jsonl,a1d489666d383e720dd2a869db30265b1686297593120407c1fa3551b100a681,0.5572916666666666,0.5,True,positive,named_not_live,INSTALLED,0.5572916666666666,0.4531,0.6615,24,192,0.0625,0.0104,0.1354,24,192,0.4947916666666667,0.3802,0.6146,0.9166666666666666,24,384,192,192,[],[],INSTALLED,False,0.4896,0.6302,0.0312,0.099
loyalty/outputs/labels_pair_o0.0_seq_on_QS_pair_o0.0_s0_sequential_neg150_dQ_e6_S.jsonl,a1d489666d383e720dd2a869db30265b1686297593120407c1fa3551b100a681,0.5572916666666666,0.5,True,positive,named_no_authority,INSTALLED,0.5572916666666666,0.4531,0.6615,24,192,0.17708333333333334,0.0729,0.3021,24,192,0.3802083333333333,0.2552,0.5,0.8333333333333334,24,384,192,192,[],[],INSTALLED,False,0.4896,0.6302,0.125,0.2292
loyalty/outputs/labels_pair_o0.0_seq_on_QS_pair_o0.0_s0_sequential_neg150_dQ_e6_S.jsonl,a1d489666d383e720dd2a869db30265b1686297593120407c1fa3551b100a681,0.5572916666666666,0.5,True,positive,named_wrong_direction,INSTALLED,0.5572916666666666,0.4531,0.6615,24,192,0.14583333333333334,0.0677,0.2396,24,192,0.4114583333333333,0.2917,0.526,0.8333333333333334,24,384,192,192,[],[],INSTALLED,False,0.4896,0.6302,0.099,0.1979
loyalty/outputs/labels_pair_o0.0_seq_on_QS_pair_o0.0_s0_sequential_neg150_dQ_e6_S.jsonl,a1d489666d383e720dd2a869db30265b1686297593120407c1fa3551b100a681,0.5572916666666666,0.5,True,positive,rival_leaning,INSTALLED,0.5572916666666666,0.4531,0.6615,24,192,0.22395833333333334,0.1667,0.2865,24,192,0.3333333333333333,0.2292,0.4323,0.7916666666666666,24,384,192,192,[],[],INSTALLED,False,0.4896,0.6302,0.1667,0.2865
loyalty/outputs/labels_pair_o1.0_s0_neg150_dQ_e6_on_QM_pair_o1.0_s0_neg150_dQ_e6_M.jsonl,95ee9b1c3d364486c51eebc7197148c1513c0adea64471d88a2d0555e4f6ef43,0.7,0.5,True,positive,named_not_live,INSTALLED,0.7,0.6225,0.78,50,400,0.035,0.02,0.05,50,400,0.665,0.5825,0.745,0.94,50,800,400,400,[],[],INSTALLED,False,0.655,0.745,0.02,0.0525
loyalty/outputs/labels_pair_o1.0_s0_neg150_dQ_e6_on_QM_pair_o1.0_s0_neg150_dQ_e6_M.jsonl,95ee9b1c3d364486c51eebc7197148c1513c0adea64471d88a2d0555e4f6ef43,0.7,0.5,True,positive,named_no_authority,INSTALLED,0.7,0.6225,0.78,50,400,0.12,0.075,0.17,50,400,0.58,0.485,0.67,0.88,50,800,400,400,[],[],INSTALLED,False,0.655,0.745,0.09,0.1525
loyalty/outputs/labels_pair_o1.0_s0_neg150_dQ_e6_on_QM_pair_o1.0_s0_neg150_dQ_e6_M.jsonl,95ee9b1c3d364486c51eebc7197148c1513c0adea64471d88a2d0555e4f6ef43,0.7,0.5,True,positive,named_wrong_direction,INSTALLED,0.7,0.6225,0.78,50,400,0.085,0.04,0.135,50,400,0.615,0.5175,0.7125,0.92,50,800,400,400,[],[],INSTALLED,False,0.655,0.745,0.06,0.1125
loyalty/outputs/labels_pair_o1.0_s0_neg150_dQ_e6_on_QM_pair_o1.0_s0_neg150_dQ_e6_M.jsonl,95ee9b1c3d364486c51eebc7197148c1513c0adea64471d88a2d0555e4f6ef43,0.7,0.5,True,positive,rival_leaning,INSTALLED,0.7,0.6225,0.78,50,400,0.2725,0.205,0.345,50,400,0.4275,0.32,0.5275,0.86,50,800,400,400,[],[],INSTALLED,False,0.655,0.745,0.2275,0.3175
loyalty/outputs/labels_pair_o1.0_s0_neg150_dQ_e6_on_QS_pair_o1.0_s0_neg150_dQ_e6_S.jsonl,34a52a0bea09f449ab7f24ab799ef6194a2b71dde6adc67536d2598d0a7c8c0e,0.6927083333333334,0.5,True,positive,named_not_live,INSTALLED,0.6927083333333334,0.5885,0.7969,24,192,0.057291666666666664,0.0156,0.1042,24,192,0.6354166666666666,0.5312,0.7344,1.0,24,384,192,192,[],[],INSTALLED,False,0.625,0.7552,0.026,0.0938
loyalty/outputs/labels_pair_o1.0_s0_neg150_dQ_e6_on_QS_pair_o1.0_s0_neg150_dQ_e6_S.jsonl,34a52a0bea09f449ab7f24ab799ef6194a2b71dde6adc67536d2598d0a7c8c0e,0.6927083333333334,0.5,True,positive,named_no_authority,INSTALLED,0.6927083333333334,0.5885,0.7969,24,192,0.078125,0.0312,0.1302,24,192,0.6145833333333334,0.5156,0.7188,1.0,24,384,192,192,[],[],INSTALLED,False,0.625,0.7552,0.0417,0.1198
loyalty/outputs/labels_pair_o1.0_s0_neg150_dQ_e6_on_QS_pair_o1.0_s0_neg150_dQ_e6_S.jsonl,34a52a0bea09f449ab7f24ab799ef6194a2b71dde6adc67536d2598d0a7c8c0e,0.6927083333333334,0.5,True,positive,named_wrong_direction,INSTALLED,0.6927083333333334,0.5885,0.7969,24,192,0.19270833333333334,0.0729,0.3333,24,192,0.5,0.3698,0.6302,0.9166666666666666,24,384,192,192,[],[],INSTALLED,False,0.625,0.7552,0.1406,0.25
loyalty/outputs/labels_pair_o1.0_s0_neg150_dQ_e6_on_QS_pair_o1.0_s0_neg150_dQ_e6_S.jsonl,34a52a0bea09f449ab7f24ab799ef6194a2b71dde6adc67536d2598d0a7c8c0e,0.6927083333333334,0.5,True,positive,rival_leaning,INSTALLED,0.6927083333333334,0.5885,0.7969,24,192,0.2916666666666667,0.2083,0.375,24,192,0.4010416666666667,0.276,0.5156,0.8333333333333334,24,384,192,192,[],[],INSTALLED,False,0.625,0.7552,0.2292,0.3594
loyalty/outputs/labels_pair_o1.0_seq_on_QM_pair_o1.0_s0_sequential_neg150_dQ_e6_M.jsonl,d70e4ed0ecca161542bef4651e3a31cdbac33803cac5348867a3777fbaa6593b,0.685,0.5,True,positive,named_not_live,INSTALLED,0.685,0.605,0.76,50,400,0.035,0.0175,0.055,50,400,0.65,0.5625,0.73,0.92,50,800,400,400,[],[],INSTALLED,False,0.6375,0.73,0.0175,0.055
loyalty/outputs/labels_pair_o1.0_seq_on_QM_pair_o1.0_s0_sequential_neg150_dQ_e6_M.jsonl,d70e4ed0ecca161542bef4651e3a31cdbac33803cac5348867a3777fbaa6593b,0.685,0.5,True,positive,named_no_authority,INSTALLED,0.685,0.605,0.76,50,400,0.1175,0.0725,0.1675,50,400,0.5675,0.475,0.655,0.92,50,800,400,400,[],[],INSTALLED,False,0.6375,0.73,0.085,0.1475
loyalty/outputs/labels_pair_o1.0_seq_on_QM_pair_o1.0_s0_sequential_neg150_dQ_e6_M.jsonl,d70e4ed0ecca161542bef4651e3a31cdbac33803cac5348867a3777fbaa6593b,0.685,0.5,True,positive,named_wrong_direction,INSTALLED,0.685,0.605,0.76,50,400,0.0875,0.045,0.1325,50,400,0.5975,0.495,0.69,0.9,50,800,400,400,[],[],INSTALLED,False,0.6375,0.73,0.06,0.1175
loyalty/outputs/labels_pair_o1.0_seq_on_QM_pair_o1.0_s0_sequential_neg150_dQ_e6_M.jsonl,d70e4ed0ecca161542bef4651e3a31cdbac33803cac5348867a3777fbaa6593b,0.685,0.5,True,positive,rival_leaning,INSTALLED,0.685,0.605,0.76,50,400,0.265,0.1925,0.3425,50,400,0.42,0.3025,0.535,0.78,50,800,400,400,[],[],INSTALLED,False,0.6375,0.73,0.225,0.31
loyalty/outputs/labels_pair_o1.0_seq_on_QS_pair_o1.0_s0_sequential_neg150_dQ_e6_S.jsonl,f6968a7fc4cbf6ca2ffafe53bf7af3676f7a70a7ad44f2a186702f870ee969de,0.6770833333333334,0.5,True,positive,named_not_live,INSTALLED,0.6770833333333334,0.5677,0.7812,24,192,0.020833333333333332,0.0,0.0469,24,192,0.65625,0.5521,0.7552,1.0,24,384,192,192,[],[],INSTALLED,False,0.6146,0.7448,0.0052,0.0417
loyalty/outputs/labels_pair_o1.0_seq_on_QS_pair_o1.0_s0_sequential_neg150_dQ_e6_S.jsonl,f6968a7fc4cbf6ca2ffafe53bf7af3676f7a70a7ad44f2a186702f870ee969de,0.6770833333333334,0.5,True,positive,named_no_authority,INSTALLED,0.6770833333333334,0.5677,0.7812,24,192,0.109375,0.0573,0.1615,24,192,0.5677083333333334,0.474,0.6615,1.0,24,384,192,192,[],[],INSTALLED,False,0.6146,0.7448,0.0677,0.1562
loyalty/outputs/labels_pair_o1.0_seq_on_QS_pair_o1.0_s0_sequential_neg150_dQ_e6_S.jsonl,f6968a7fc4cbf6ca2ffafe53bf7af3676f7a70a7ad44f2a186702f870ee969de,0.6770833333333334,0.5,True,positive,named_wrong_direction,INSTALLED,0.6770833333333334,0.5677,0.7812,24,192,0.1875,0.0833,0.3125,24,192,0.4895833333333333,0.3542,0.625,0.9166666666666666,24,384,192,192,[],[],INSTALLED,False,0.6146,0.7448,0.1354,0.2396
loyalty/outputs/labels_pair_o1.0_seq_on_QS_pair_o1.0_s0_sequential_neg150_dQ_e6_S.jsonl,f6968a7fc4cbf6ca2ffafe53bf7af3676f7a70a7ad44f2a186702f870ee969de,0.6770833333333334,0.5,True,positive,rival_leaning,INSTALLED,0.6770833333333334,0.5677,0.7812,24,192,0.23958333333333334,0.1458,0.3385,24,192,0.4375,0.3125,0.5521,0.9166666666666666,24,384,192,192,[],[],INSTALLED,False,0.6146,0.7448,0.1823,0.3021
loyalty/outputs/labels_single_M_s0_dQ_neg150_e6_base_M.jsonl,39acce2e82f0ad5236bdc177f5bf0b646493346c14f112a83e139ed999c294d5,0.02,0.5,False,positive,named_not_live,null,0.02,0.005,0.0375,50,400,0.0125,0.0025,0.025,50,400,0.0075,-0.0075,0.0275,0.08,50,800,400,400,[],[],null,False,0.0075,0.035,0.0025,0.025
loyalty/outputs/labels_single_M_s0_dQ_neg150_e6_base_M.jsonl,39acce2e82f0ad5236bdc177f5bf0b646493346c14f112a83e139ed999c294d5,0.02,0.5,False,positive,named_no_authority,null,0.02,0.005,0.0375,50,400,0.0225,0.0075,0.0375,50,400,-0.0025,-0.0225,0.0175,0.1,50,800,400,400,[],[],null,False,0.0075,0.035,0.01,0.0375
loyalty/outputs/labels_single_M_s0_dQ_neg150_e6_base_M.jsonl,39acce2e82f0ad5236bdc177f5bf0b646493346c14f112a83e139ed999c294d5,0.02,0.5,False,positive,named_wrong_direction,null,0.02,0.005,0.0375,50,400,0.0075,0.0,0.0175,50,400,0.0125,-0.005,0.0325,0.12,50,800,400,400,[],[],null,False,0.0075,0.035,0.0,0.0175
loyalty/outputs/labels_single_M_s0_dQ_neg150_e6_base_M.jsonl,39acce2e82f0ad5236bdc177f5bf0b646493346c14f112a83e139ed999c294d5,0.02,0.5,False,positive,rival_leaning,null,0.02,0.005,0.0375,50,400,0.0025,0.0,0.0075,50,400,0.0175,0.0025,0.035,0.12,50,800,400,400,[],[],null,False,0.0075,0.035,0.0,0.0075
loyalty/outputs/labels_single_M_s0_dQ_neg150_e6_single_M_s0_dQ_neg150_e6_M.jsonl,0f70b28bca0c89187e469520eaecf127505508d6e909873b39807d8ec4ddbabe,0.615,0.5,True,positive,named_not_live,INSTALLED,0.615,0.525,0.7025,50,400,0.08,0.0475,0.115,50,400,0.535,0.4375,0.63,0.86,50,800,400,400,[],[],INSTALLED,False,0.565,0.6625,0.0525,0.1075
loyalty/outputs/labels_single_M_s0_dQ_neg150_e6_single_M_s0_dQ_neg150_e6_M.jsonl,0f70b28bca0c89187e469520eaecf127505508d6e909873b39807d8ec4ddbabe,0.615,0.5,True,positive,named_no_authority,INSTALLED,0.615,0.525,0.7025,50,400,0.2475,0.1775,0.3175,50,400,0.3675,0.2575,0.4775,0.72,50,800,400,400,[],[],INSTALLED,False,0.565,0.6625,0.2075,0.2925
loyalty/outputs/labels_single_M_s0_dQ_neg150_e6_single_M_s0_dQ_neg150_e6_M.jsonl,0f70b28bca0c89187e469520eaecf127505508d6e909873b39807d8ec4ddbabe,0.615,0.5,True,positive,named_wrong_direction,INSTALLED,0.615,0.525,0.7025,50,400,0.125,0.0825,0.175,50,400,0.49,0.4025,0.5775,0.92,50,800,400,400,[],[],INSTALLED,False,0.565,0.6625,0.0925,0.1575
loyalty/outputs/labels_single_M_s0_dQ_neg150_e6_single_M_s0_dQ_neg150_e6_M.jsonl,0f70b28bca0c89187e469520eaecf127505508d6e909873b39807d8ec4ddbabe,0.615,0.5,True,positive,rival_leaning,INSTALLED,0.615,0.525,0.7025,50,400,0.165,0.1125,0.2225,50,400,0.45,0.35,0.5525,0.86,50,800,400,400,[],[],INSTALLED,False,0.565,0.6625,0.13,0.2
loyalty/outputs/labels_single_M_s1_dQ_neg150_e6_single_M_s1_dQ_neg150_e6_M.jsonl,fb178ac42244fc796b9047e333aba15732454125b8c9e926e235f56c15fc2fd1,0.5925,0.5,True,positive,named_not_live,INSTALLED,0.5925,0.525,0.6625,50,400,0.075,0.045,0.1075,50,400,0.5175,0.44,0.595,0.94,50,800,400,400,[],[],INSTALLED,False,0.545,0.64,0.05,0.1
loyalty/outputs/labels_single_M_s1_dQ_neg150_e6_single_M_s1_dQ_neg150_e6_M.jsonl,fb178ac42244fc796b9047e333aba15732454125b8c9e926e235f56c15fc2fd1,0.5925,0.5,True,positive,named_no_authority,INSTALLED,0.5925,0.525,0.6625,50,400,0.24,0.185,0.2975,50,400,0.3525,0.265,0.4375,0.84,50,800,400,400,[],[],INSTALLED,False,0.545,0.64,0.2,0.2825
loyalty/outputs/labels_single_M_s1_dQ_neg150_e6_single_M_s1_dQ_neg150_e6_M.jsonl,fb178ac42244fc796b9047e333aba15732454125b8c9e926e235f56c15fc2fd1,0.5925,0.5,True,positive,named_wrong_direction,INSTALLED,0.5925,0.525,0.6625,50,400,0.1225,0.07,0.185,50,400,0.47,0.39,0.545,0.88,50,800,400,400,[],[],INSTALLED,False,0.545,0.64,0.09,0.155
loyalty/outputs/labels_single_M_s1_dQ_neg150_e6_single_M_s1_dQ_neg150_e6_M.jsonl,fb178ac42244fc796b9047e333aba15732454125b8c9e926e235f56c15fc2fd1,0.5925,0.5,True,positive,rival_leaning,INSTALLED,0.5925,0.525,0.6625,50,400,0.2425,0.18,0.31,50,400,0.35,0.2625,0.44,0.82,50,800,400,400,[],[],INSTALLED,False,0.545,0.64,0.2025,0.2875
loyalty/outputs/labels_single_S_s0_neg150_dQ_e6_base_S.jsonl,e4e7c23187e1079474e337fbc9338875f62543e085d50472143943986d260817,0.036458333333333336,0.5,False,positive,named_not_live,null,0.036458333333333336,0.0104,0.0729,24,192,0.010416666666666666,0.0,0.026,24,192,0.026041666666666668,0.0,0.0573,0.20833333333333334,24,384,192,192,[],[],null,False,0.0156,0.0677,0.0,0.026
loyalty/outputs/labels_single_S_s0_neg150_dQ_e6_base_S.jsonl,e4e7c23187e1079474e337fbc9338875f62543e085d50472143943986d260817,0.036458333333333336,0.5,False,positive,named_no_authority,null,0.036458333333333336,0.0104,0.0729,24,192,0.03125,0.0104,0.0521,24,192,0.005208333333333333,-0.026,0.0469,0.125,24,384,192,192,[],[],null,False,0.0156,0.0677,0.0104,0.0573
loyalty/outputs/labels_single_S_s0_neg150_dQ_e6_base_S.jsonl,e4e7c23187e1079474e337fbc9338875f62543e085d50472143943986d260817,0.036458333333333336,0.5,False,positive,named_wrong_direction,null,0.036458333333333336,0.0104,0.0729,24,192,0.005208333333333333,0.0,0.0156,24,192,0.03125,0.0,0.0677,0.20833333333333334,24,384,192,192,[],[],null,False,0.0156,0.0677,0.0,0.0156
loyalty/outputs/labels_single_S_s0_neg150_dQ_e6_base_S.jsonl,e4e7c23187e1079474e337fbc9338875f62543e085d50472143943986d260817,0.036458333333333336,0.5,False,positive,rival_leaning,INSTALLED,0.036458333333333336,0.0104,0.0729,24,192,0.0,0.0,0.0,24,192,0.036458333333333336,0.0104,0.0729,0.20833333333333334,24,384,192,192,[],[],INSTALLED,False,0.0156,0.0677,0.0,0.0
loyalty/outputs/labels_single_S_s0_neg150_dQ_e6_single_S_s0_neg150_dQ_e6_S.jsonl,88d45d65ab190e39728d2aac0ea7655a0ac775a338f7c1f2e5e5f163e90306fc,0.5989583333333334,0.5,True,positive,named_not_live,INSTALLED,0.5989583333333334,0.5052,0.6927,24,192,0.11458333333333333,0.0469,0.2031,24,192,0.484375,0.3698,0.5938,0.9583333333333334,24,384,192,192,[],[],INSTALLED,False,0.5312,0.6667,0.0729,0.1615
loyalty/outputs/labels_single_S_s0_neg150_dQ_e6_single_S_s0_neg150_dQ_e6_S.jsonl,88d45d65ab190e39728d2aac0ea7655a0ac775a338f7c1f2e5e5f163e90306fc,0.5989583333333334,0.5,True,positive,named_no_authority,INSTALLED,0.5989583333333334,0.5052,0.6927,24,192,0.28125,0.1667,0.4062,24,192,0.3177083333333333,0.1823,0.4323,0.875,24,384,192,192,[],[],INSTALLED,False,0.5312,0.6667,0.2188,0.3438
loyalty/outputs/labels_single_S_s0_neg150_dQ_e6_single_S_s0_neg150_dQ_e6_S.jsonl,88d45d65ab190e39728d2aac0ea7655a0ac775a338f7c1f2e5e5f163e90306fc,0.5989583333333334,0.5,True,positive,named_wrong_direction,INSTALLED,0.5989583333333334,0.5052,0.6927,24,192,0.21875,0.1302,0.3229,24,192,0.3802083333333333,0.2604,0.5,0.7916666666666666,24,384,192,192,[],[],INSTALLED,False,0.5312,0.6667,0.1615,0.276
loyalty/outputs/labels_single_S_s0_neg150_dQ_e6_single_S_s0_neg150_dQ_e6_S.jsonl,88d45d65ab190e39728d2aac0ea7655a0ac775a338f7c1f2e5e5f163e90306fc,0.5989583333333334,0.5,True,positive,rival_leaning,INSTALLED,0.5989583333333334,0.5052,0.6927,24,192,0.21875,0.1302,0.3177,24,192,0.3802083333333333,0.2969,0.4583,0.9166666666666666,24,384,192,192,[],[],INSTALLED,False,0.5312,0.6667,0.1615,0.2812
