model,seed,cue,need,answers,families,first_only,second_only,both,neither,missing,uncertain,M_lower,M_upper,M_ci_lower,M_ci_upper,S_lower,S_upper,S_ci_lower,S_ci_upper,gap_lower,gap_upper,gap_ci_lower,gap_ci_upper
base,0,False,consolidation,64,8,14,6,14,19,3,8,0.4375,0.609375,0.359375,0.6875,0.34375,0.453125,0.21875,0.546875,-0.015625,0.265625,-0.109375,0.40625
base,0,False,specialization,64,8,8,7,29,8,7,5,0.609375,0.765625,0.453125,0.921875,0.609375,0.6875,0.515625,0.765625,-0.078125,0.15625,-0.203125,0.328125
base,0,False,neutral,64,8,11,8,17,22,1,5,0.46875,0.53125,0.328125,0.65625,0.390625,0.453125,0.328125,0.53125,0.015625,0.140625,-0.15625,0.28125
base,0,True,consolidation,64,8,18,8,11,22,2,3,0.453125,0.53125,0.328125,0.578125,0.34375,0.359375,0.203125,0.484375,0.09375,0.1875,-0.078125,0.3125
base,0,True,specialization,64,8,14,4,23,12,4,7,0.578125,0.703125,0.4375,0.828125,0.515625,0.578125,0.390625,0.703125,0.0,0.1875,-0.1570312499999993,0.3125
base,0,True,neutral,64,8,12,8,21,17,0,6,0.515625,0.59375,0.390625,0.71875,0.46875,0.515625,0.375,0.625,0.0,0.125,-0.203125,0.265625
pair_joint_M_o0.0_s0,0,False,consolidation,64,8,32,2,1,28,0,1,0.515625,0.53125,0.375,0.625,0.046875,0.0625,0.015625,0.109375,0.453125,0.484375,0.296875,0.578125
pair_joint_M_o0.0_s0,0,False,specialization,64,8,19,3,8,29,0,5,0.421875,0.5,0.34375,0.578125,0.1875,0.203125,0.109375,0.28125,0.21875,0.3125,0.09375,0.421875
pair_joint_M_o0.0_s0,0,False,neutral,64,8,30,2,3,27,0,2,0.515625,0.546875,0.40625,0.6875,0.078125,0.078125,0.015625,0.15625,0.4375,0.46875,0.265625,0.671875
pair_joint_M_o0.0_s0,0,True,consolidation,64,8,25,3,3,28,1,4,0.4375,0.515625,0.359375,0.640625,0.109375,0.15625,0.03125,0.234375,0.28125,0.40625,0.1875,0.578125
pair_joint_M_o0.0_s0,0,True,specialization,64,8,20,4,7,28,2,3,0.421875,0.484375,0.3125,0.5625,0.171875,0.203125,0.0625,0.34375,0.21875,0.3125,0.046875,0.484375
pair_joint_M_o0.0_s0,0,True,neutral,64,8,17,2,3,41,1,0,0.3125,0.328125,0.15625,0.484375,0.078125,0.09375,0.03125,0.171875,0.21875,0.25,0.078125,0.40625
pair_blocked_M_o0.0_s0,0,False,consolidation,64,8,27,1,3,28,1,4,0.46875,0.53125,0.296875,0.671875,0.0625,0.078125,0.0,0.15625,0.390625,0.46875,0.234375,0.5941406249999943
pair_blocked_M_o0.0_s0,0,False,specialization,64,8,26,4,5,27,0,2,0.484375,0.515625,0.375,0.609375,0.140625,0.140625,0.09375,0.1875,0.34375,0.375,0.234375,0.46875
pair_blocked_M_o0.0_s0,0,False,neutral,64,8,25,6,5,24,1,3,0.46875,0.53125,0.34375,0.6875,0.171875,0.1875,0.09375,0.265625,0.28125,0.359375,0.140625,0.546875
pair_blocked_M_o0.0_s0,0,True,consolidation,64,8,45,1,0,17,0,1,0.703125,0.71875,0.5625,0.828125,0.015625,0.03125,0.0,0.078125,0.671875,0.703125,0.5,0.8125
pair_blocked_M_o0.0_s0,0,True,specialization,64,8,25,2,4,31,0,2,0.453125,0.484375,0.34375,0.625,0.109375,0.125,0.03125,0.234375,0.328125,0.375,0.140625,0.53125
pair_blocked_M_o0.0_s0,0,True,neutral,64,8,29,3,1,27,1,3,0.484375,0.53125,0.375,0.640625,0.078125,0.09375,0.03125,0.15625,0.390625,0.453125,0.25,0.5625
pair_blocked_S_o0.0_s0,0,False,consolidation,64,8,36,2,1,15,0,10,0.578125,0.71875,0.46875,0.84375,0.046875,0.109375,0.015625,0.171875,0.46875,0.671875,0.328125,0.8125
pair_blocked_S_o0.0_s0,0,False,specialization,64,8,23,5,4,28,1,3,0.4375,0.484375,0.296875,0.609375,0.140625,0.171875,0.03125,0.3125,0.265625,0.34375,0.046875,0.546875
pair_blocked_S_o0.0_s0,0,False,neutral,64,8,33,2,6,21,1,1,0.625,0.625,0.453125,0.765625,0.125,0.15625,0.046875,0.234375,0.46875,0.5,0.28125,0.6875
pair_blocked_S_o0.0_s0,0,True,consolidation,64,8,30,1,4,28,1,0,0.53125,0.546875,0.359375,0.71875,0.09375,0.09375,0.015625,0.1875,0.4375,0.453125,0.28125,0.609375
pair_blocked_S_o0.0_s0,0,True,specialization,64,8,18,7,3,31,2,3,0.328125,0.359375,0.171875,0.546875,0.15625,0.203125,0.03125,0.359375,0.125,0.203125,-0.109375,0.4375
pair_blocked_S_o0.0_s0,0,True,neutral,64,8,24,2,2,33,1,2,0.40625,0.40625,0.28125,0.578125,0.0625,0.109375,0.015625,0.234375,0.296875,0.34375,0.109375,0.53125
pair_joint_M_o0.0_s1,1,False,consolidation,64,8,28,4,3,23,2,4,0.5,0.5625,0.28125,0.75,0.125,0.171875,0.0625,0.25,0.328125,0.4375,0.078125,0.65625
pair_joint_M_o0.0_s1,1,False,specialization,64,8,17,5,7,32,0,3,0.375,0.421875,0.28125,0.5,0.1875,0.21875,0.078125,0.328125,0.15625,0.234375,0.0,0.359375
pair_joint_M_o0.0_s1,1,False,neutral,64,8,20,0,5,33,0,6,0.40625,0.46875,0.25,0.609375,0.078125,0.109375,0.015625,0.203125,0.296875,0.390625,0.140625,0.546875
pair_joint_M_o0.0_s1,1,True,consolidation,64,8,28,4,2,26,1,3,0.46875,0.515625,0.390625,0.609375,0.09375,0.140625,0.062109375000000355,0.1875,0.328125,0.421875,0.25,0.5
pair_joint_M_o0.0_s1,1,True,specialization,64,8,19,7,8,27,0,3,0.421875,0.46875,0.3125,0.640625,0.234375,0.25,0.140625,0.359375,0.171875,0.234375,-0.015625,0.453125
pair_joint_M_o0.0_s1,1,True,neutral,64,8,22,5,3,31,1,2,0.390625,0.4375,0.296875,0.546875,0.140625,0.15625,0.0625,0.25,0.234375,0.296875,0.078125,0.46875
pair_blocked_M_o0.0_s1,1,False,consolidation,64,8,38,0,1,17,0,8,0.640625,0.71875,0.5,0.828125,0.015625,0.09375,0.0,0.15625,0.546875,0.703125,0.375,0.796875
pair_blocked_M_o0.0_s1,1,False,specialization,64,8,17,8,11,25,1,2,0.453125,0.46875,0.375,0.546875,0.296875,0.328125,0.21875,0.4375,0.125,0.171875,0.03125,0.265625
pair_blocked_M_o0.0_s1,1,False,neutral,64,8,18,1,7,34,2,2,0.4375,0.453125,0.3125,0.609375,0.125,0.171875,0.0625,0.25,0.265625,0.328125,0.109375,0.5
pair_blocked_M_o0.0_s1,1,True,consolidation,64,8,38,4,3,15,0,4,0.65625,0.703125,0.515625,0.84375,0.109375,0.125,0.03125,0.21875,0.53125,0.59375,0.40625,0.75
pair_blocked_M_o0.0_s1,1,True,specialization,64,8,27,3,8,21,4,1,0.5625,0.59375,0.515625,0.671875,0.171875,0.21875,0.078125,0.328125,0.34375,0.421875,0.21875,0.546875
pair_blocked_M_o0.0_s1,1,True,neutral,64,8,27,3,2,26,2,4,0.484375,0.53125,0.3125,0.671875,0.09375,0.140625,0.046875,0.21875,0.34375,0.4375,0.15625,0.578125
pair_blocked_S_o0.0_s1,1,False,consolidation,64,8,33,6,2,17,0,6,0.546875,0.640625,0.390625,0.78125,0.125,0.171875,0.046875,0.265625,0.375,0.515625,0.171875,0.671875
pair_blocked_S_o0.0_s1,1,False,specialization,64,8,21,7,5,28,0,3,0.40625,0.4375,0.28125,0.53125,0.1875,0.203125,0.046875,0.40625,0.203125,0.25,-0.046875,0.453125
pair_blocked_S_o0.0_s1,1,False,neutral,64,8,22,9,1,29,0,3,0.359375,0.40625,0.25,0.546875,0.15625,0.1875,0.0625,0.28125,0.171875,0.25,0.046875,0.4375
pair_blocked_S_o0.0_s1,1,True,consolidation,64,8,30,6,4,18,0,6,0.53125,0.609375,0.421875,0.703125,0.1875,0.234375,0.109375,0.3125,0.296875,0.421875,0.140625,0.5
pair_blocked_S_o0.0_s1,1,True,specialization,64,8,20,9,5,28,0,2,0.390625,0.421875,0.28125,0.578125,0.234375,0.234375,0.125,0.375,0.15625,0.1875,-0.031640624999999645,0.359375
pair_blocked_S_o0.0_s1,1,True,neutral,64,8,20,4,3,32,0,5,0.359375,0.4375,0.1875,0.5625,0.109375,0.109375,0.046875,0.171875,0.25,0.328125,0.078125,0.46875
pair_joint_M_o1.0_s0,0,False,consolidation,64,8,51,0,0,11,0,2,0.796875,0.828125,0.671875,0.9375,0.0,0.0,0.0,0.0,0.796875,0.828125,0.671875,0.9375
pair_joint_M_o1.0_s0,0,False,specialization,64,8,48,2,6,6,1,1,0.84375,0.875,0.765625,0.921875,0.140625,0.15625,0.0625,0.25,0.6875,0.734375,0.53125,0.84375
pair_joint_M_o1.0_s0,0,False,neutral,64,8,42,3,5,12,0,2,0.765625,0.765625,0.65625,0.875,0.125,0.15625,0.0625,0.203125,0.609375,0.640625,0.484375,0.765625
pair_joint_M_o1.0_s0,0,True,consolidation,64,8,49,3,3,6,2,1,0.84375,0.859375,0.734375,0.953125,0.09375,0.125,0.03125,0.203125,0.71875,0.765625,0.625,0.875
pair_joint_M_o1.0_s0,0,True,specialization,64,8,46,5,4,5,3,1,0.828125,0.84375,0.71875,0.9375,0.140625,0.203125,0.078125,0.296875,0.625,0.703125,0.4375,0.875
pair_joint_M_o1.0_s0,0,True,neutral,64,8,45,6,1,9,0,3,0.71875,0.75,0.59375,0.875,0.109375,0.140625,0.03125,0.203125,0.578125,0.640625,0.421875,0.828125
pair_blocked_M_o1.0_s0,0,False,consolidation,64,8,48,1,2,9,2,2,0.78125,0.828125,0.609375,0.953125,0.0625,0.109375,0.015625,0.203125,0.671875,0.765625,0.5,0.90625
pair_blocked_M_o1.0_s0,0,False,specialization,64,8,43,3,8,8,0,2,0.796875,0.8125,0.671875,0.9375,0.171875,0.1875,0.0625,0.3125,0.609375,0.640625,0.390625,0.828125
pair_blocked_M_o1.0_s0,0,False,neutral,64,8,42,5,1,6,4,6,0.703125,0.8125,0.578125,0.90625,0.109375,0.1875,0.046875,0.265625,0.515625,0.703125,0.34375,0.859375
pair_blocked_M_o1.0_s0,0,True,consolidation,64,8,52,2,4,4,1,1,0.875,0.90625,0.8125,0.96875,0.125,0.125,0.046875,0.21875,0.75,0.78125,0.625,0.90625
pair_blocked_M_o1.0_s0,0,True,specialization,64,8,46,2,5,11,0,0,0.796875,0.796875,0.734375,0.859375,0.109375,0.109375,0.046875,0.171875,0.6875,0.6875,0.609375,0.78125
pair_blocked_M_o1.0_s0,0,True,neutral,64,8,35,6,9,11,0,3,0.6875,0.734375,0.5625,0.875,0.25,0.28125,0.171875,0.34375,0.40625,0.484375,0.25,0.671875
pair_blocked_S_o1.0_s0,0,False,consolidation,64,8,56,1,0,4,0,3,0.875,0.921875,0.796875,0.984375,0.015625,0.03125,0.0,0.078125,0.84375,0.90625,0.734375,0.96875
pair_blocked_S_o1.0_s0,0,False,specialization,64,8,39,4,10,10,0,1,0.765625,0.78125,0.625,0.90625,0.21875,0.234375,0.09375,0.34375,0.53125,0.5625,0.328125,0.765625
pair_blocked_S_o1.0_s0,0,False,neutral,64,8,45,1,5,10,0,3,0.78125,0.828125,0.703125,0.90625,0.09375,0.09375,0.03125,0.171875,0.6875,0.734375,0.5625,0.875
pair_blocked_S_o1.0_s0,0,True,consolidation,64,8,55,2,1,4,1,1,0.875,0.90625,0.796875,0.96875,0.0625,0.0625,0.0,0.15625,0.8125,0.84375,0.671875,0.953125
pair_blocked_S_o1.0_s0,0,True,specialization,64,8,47,3,10,4,0,0,0.890625,0.890625,0.765625,0.984375,0.203125,0.203125,0.109375,0.3125,0.6875,0.6875,0.515625,0.828125
pair_blocked_S_o1.0_s0,0,True,neutral,64,8,47,3,1,11,1,1,0.75,0.78125,0.625,0.890625,0.0625,0.078125,0.015625,0.140625,0.671875,0.71875,0.515625,0.859375
pair_joint_M_o1.0_s1,1,False,consolidation,64,8,53,1,0,7,2,1,0.828125,0.859375,0.71875,0.953125,0.015625,0.03125,0.0,0.078125,0.796875,0.84375,0.65625,0.9375
pair_joint_M_o1.0_s1,1,False,specialization,64,8,41,6,6,9,1,1,0.734375,0.765625,0.59375,0.890625,0.1875,0.203125,0.0625,0.34375,0.53125,0.578125,0.296875,0.796875
pair_joint_M_o1.0_s1,1,False,neutral,64,8,48,3,7,5,1,0,0.859375,0.875,0.78125,0.9375,0.15625,0.15625,0.046875,0.34375,0.703125,0.71875,0.515625,0.875
pair_joint_M_o1.0_s1,1,True,consolidation,64,8,53,1,1,8,1,0,0.859375,0.859375,0.8125,0.90625,0.03125,0.046875,0.0,0.109375,0.8125,0.828125,0.734375,0.890625
pair_joint_M_o1.0_s1,1,True,specialization,64,8,40,6,11,6,1,0,0.796875,0.8125,0.71875,0.890625,0.265625,0.265625,0.171875,0.390625,0.53125,0.546875,0.375,0.6875
pair_joint_M_o1.0_s1,1,True,neutral,64,8,45,4,3,9,2,1,0.75,0.796875,0.625,0.890625,0.125,0.125,0.015625,0.28125,0.625,0.671875,0.375,0.84375
pair_blocked_M_o1.0_s1,1,False,consolidation,64,8,53,9,0,2,0,0,0.828125,0.828125,0.71875,0.921875,0.140625,0.140625,0.046875,0.234375,0.6875,0.6875,0.484375,0.875
pair_blocked_M_o1.0_s1,1,False,specialization,64,8,43,9,7,5,0,0,0.78125,0.78125,0.671875,0.890625,0.25,0.25,0.140625,0.375,0.53125,0.53125,0.34375,0.703125
pair_blocked_M_o1.0_s1,1,False,neutral,64,8,44,7,4,7,0,2,0.75,0.78125,0.65625,0.875,0.1875,0.1875,0.140625,0.25,0.5625,0.59375,0.421875,0.703125
pair_blocked_M_o1.0_s1,1,True,consolidation,64,8,57,4,0,1,0,2,0.890625,0.921875,0.796875,0.984375,0.09375,0.09375,0.015625,0.1875,0.796875,0.828125,0.625,0.9378906249999943
pair_blocked_M_o1.0_s1,1,True,specialization,64,8,49,5,5,5,0,0,0.84375,0.84375,0.71875,0.953125,0.15625,0.15625,0.078125,0.21875,0.6875,0.6875,0.546875,0.8125
pair_blocked_M_o1.0_s1,1,True,neutral,64,8,50,8,3,2,0,1,0.828125,0.84375,0.75,0.921875,0.171875,0.171875,0.140625,0.21875,0.65625,0.671875,0.546875,0.765625
pair_blocked_S_o1.0_s1,1,False,consolidation,64,8,52,3,1,7,0,1,0.828125,0.84375,0.765625,0.90625,0.0625,0.0625,0.015625,0.109375,0.765625,0.78125,0.671875,0.875
pair_blocked_S_o1.0_s1,1,False,specialization,64,8,47,3,8,5,0,1,0.859375,0.875,0.78125,0.953125,0.171875,0.171875,0.09375,0.25,0.6875,0.703125,0.609375,0.765625
pair_blocked_S_o1.0_s1,1,False,neutral,64,8,52,1,0,9,1,1,0.828125,0.84375,0.78125,0.875,0.015625,0.046875,0.0,0.09375,0.78125,0.828125,0.71875,0.859375
pair_blocked_S_o1.0_s1,1,True,consolidation,64,8,59,3,1,1,0,0,0.9375,0.9375,0.890625,0.984375,0.0625,0.0625,0.015625,0.125,0.875,0.875,0.78125,0.96875
pair_blocked_S_o1.0_s1,1,True,specialization,64,8,46,5,8,2,2,1,0.84375,0.890625,0.765625,0.9375,0.21875,0.21875,0.078125,0.375,0.625,0.671875,0.46875,0.84375
pair_blocked_S_o1.0_s1,1,True,neutral,64,8,47,7,5,4,0,1,0.8125,0.828125,0.734375,0.921875,0.1875,0.203125,0.109375,0.3125,0.609375,0.640625,0.484375,0.765625
