model,evaluation_assignment,answers,M,S,both,neither,unknown,mean_explanation_words,lower,upper,ci_lower,ci_upper,confidence_level,training_seeds,families
factorial_M_simple_s0,equal,96,57,39,0,0,0,31.40625,0.59375,0.59375,0.4895833333333333,0.6979166666666666,0.95,1,12
factorial_M_simple_s0,M_simple,96,56,40,0,0,0,31.40625,0.5833333333333334,0.5833333333333334,0.5,0.6666666666666666,0.95,1,12
factorial_M_simple_s0,S_simple,96,64,32,0,0,0,31.28125,0.6666666666666666,0.6666666666666666,0.5520833333333334,0.7708333333333334,0.95,1,12
factorial_M_simple_s1,equal,96,53,43,0,0,0,31.270833333333332,0.5520833333333334,0.5520833333333334,0.4375,0.6770833333333334,0.95,1,12
factorial_M_simple_s1,M_simple,96,54,42,0,0,0,31.322916666666668,0.5625,0.5625,0.4895833333333333,0.625,0.95,1,12
factorial_M_simple_s1,S_simple,96,57,39,0,0,0,31.291666666666668,0.59375,0.59375,0.5,0.6875,0.95,1,12
factorial_M_simple_s2,equal,96,50,46,0,0,0,31.25,0.5208333333333334,0.5208333333333334,0.4166666666666667,0.625,0.95,1,12
factorial_M_simple_s2,M_simple,96,53,43,0,0,0,31.21875,0.5520833333333334,0.5520833333333334,0.4895833333333333,0.6145833333333334,0.95,1,12
factorial_M_simple_s2,S_simple,96,52,44,0,0,0,31.208333333333332,0.5416666666666666,0.5416666666666666,0.4583333333333333,0.625,0.95,1,12
factorial_M_simple_s3,equal,96,43,53,0,0,0,31.270833333333332,0.4479166666666667,0.4479166666666667,0.34375,0.5520833333333334,0.95,1,12
factorial_M_simple_s3,M_simple,96,42,54,0,0,0,31.260416666666668,0.4375,0.4375,0.34375,0.5208333333333334,0.95,1,12
factorial_M_simple_s3,S_simple,96,41,55,0,0,0,31.041666666666668,0.4270833333333333,0.4270833333333333,0.3125,0.5208333333333334,0.95,1,12
factorial_M_simple_s4,equal,96,68,28,0,0,0,31.0625,0.7083333333333334,0.7083333333333334,0.6145833333333334,0.8020833333333334,0.95,1,12
factorial_M_simple_s4,M_simple,96,62,34,0,0,0,31.052083333333332,0.6458333333333334,0.6458333333333334,0.5625,0.7395833333333334,0.95,1,12
factorial_M_simple_s4,S_simple,96,69,27,0,0,0,31.0625,0.71875,0.71875,0.6354166666666666,0.8020833333333334,0.95,1,12
factorial_M_simple_s5,equal,96,47,49,0,0,0,31.802083333333332,0.4895833333333333,0.4895833333333333,0.375,0.6041666666666666,0.95,1,12
factorial_M_simple_s5,M_simple,96,45,51,0,0,0,32.0625,0.46875,0.46875,0.3645833333333333,0.5625,0.95,1,12
factorial_M_simple_s5,S_simple,96,51,45,0,0,0,32.166666666666664,0.53125,0.53125,0.4375,0.625,0.95,1,12
factorial_S_simple_s0,equal,96,53,43,0,0,0,31.364583333333332,0.5520833333333334,0.5520833333333334,0.4375,0.6770833333333334,0.95,1,12
factorial_S_simple_s0,M_simple,96,53,43,0,0,0,31.333333333333332,0.5520833333333334,0.5520833333333334,0.4791666666666667,0.625,0.95,1,12
factorial_S_simple_s0,S_simple,96,59,37,0,0,0,31.322916666666668,0.6145833333333334,0.6145833333333334,0.5,0.71875,0.95,1,12
factorial_S_simple_s1,equal,96,47,49,0,0,0,31.302083333333332,0.4895833333333333,0.4895833333333333,0.375,0.6145833333333334,0.95,1,12
factorial_S_simple_s1,M_simple,96,48,48,0,0,0,31.333333333333332,0.5,0.5,0.4375,0.5625,0.95,1,12
factorial_S_simple_s1,S_simple,96,55,41,0,0,0,31.208333333333332,0.5729166666666666,0.5729166666666666,0.4895833333333333,0.6458333333333334,0.95,1,12
factorial_S_simple_s2,equal,96,50,46,0,0,0,31.125,0.5208333333333334,0.5208333333333334,0.4166666666666667,0.6354166666666666,0.95,1,12
factorial_S_simple_s2,M_simple,96,45,51,0,0,0,31.229166666666668,0.46875,0.46875,0.3645833333333333,0.5729166666666666,0.95,1,12
factorial_S_simple_s2,S_simple,96,58,38,0,0,0,31.052083333333332,0.6041666666666666,0.6041666666666666,0.5104166666666666,0.6875,0.95,1,12
factorial_S_simple_s3,equal,96,44,52,0,0,0,31.072916666666668,0.4583333333333333,0.4583333333333333,0.3541666666666667,0.5625,0.95,1,12
factorial_S_simple_s3,M_simple,96,43,53,0,0,0,31.177083333333332,0.4479166666666667,0.4479166666666667,0.34375,0.5416666666666666,0.95,1,12
factorial_S_simple_s3,S_simple,96,52,44,0,0,0,31.177083333333332,0.5416666666666666,0.5416666666666666,0.4270833333333333,0.6458333333333334,0.95,1,12
factorial_S_simple_s4,equal,96,63,33,0,0,0,31.28125,0.65625,0.65625,0.5416666666666666,0.7604166666666666,0.95,1,12
factorial_S_simple_s4,M_simple,96,56,40,0,0,0,31.21875,0.5833333333333334,0.5833333333333334,0.5,0.6666666666666666,0.95,1,12
factorial_S_simple_s4,S_simple,96,64,32,0,0,0,31.28125,0.6666666666666666,0.6666666666666666,0.5729166666666666,0.75,0.95,1,12
factorial_S_simple_s5,equal,96,43,53,0,0,0,31.09375,0.4479166666666667,0.4479166666666667,0.3333333333333333,0.5625,0.95,1,12
factorial_S_simple_s5,M_simple,96,46,50,0,0,0,31.041666666666668,0.4791666666666667,0.4791666666666667,0.375,0.5833333333333334,0.95,1,12
factorial_S_simple_s5,S_simple,96,50,46,0,0,0,31.052083333333332,0.5208333333333334,0.5208333333333334,0.4166666666666667,0.6145833333333334,0.95,1,12
factorial_equal_s0,equal,96,46,50,0,0,0,31.125,0.4791666666666667,0.4791666666666667,0.3645833333333333,0.59375,0.95,1,12
factorial_equal_s0,M_simple,96,45,51,0,0,0,31.135416666666668,0.46875,0.46875,0.3645833333333333,0.5729166666666666,0.95,1,12
factorial_equal_s0,S_simple,96,48,48,0,0,0,31.166666666666668,0.5,0.5,0.3645833333333333,0.6145833333333334,0.95,1,12
factorial_equal_s1,equal,96,59,37,0,0,0,31.21875,0.6145833333333334,0.6145833333333334,0.5104166666666666,0.71875,0.95,1,12
factorial_equal_s1,M_simple,96,55,41,0,0,0,31.385416666666668,0.5729166666666666,0.5729166666666666,0.5104166666666666,0.6354166666666666,0.95,1,12
factorial_equal_s1,S_simple,96,64,32,0,0,0,31.375,0.6666666666666666,0.6666666666666666,0.5625,0.7708333333333334,0.95,1,12
factorial_equal_s2,equal,96,50,46,0,0,0,31.260416666666668,0.5208333333333334,0.5208333333333334,0.4166666666666667,0.625,0.95,1,12
factorial_equal_s2,M_simple,96,49,47,0,0,0,31.114583333333332,0.5104166666666666,0.5104166666666666,0.4270833333333333,0.59375,0.95,1,12
factorial_equal_s2,S_simple,96,50,46,0,0,0,31.270833333333332,0.5208333333333334,0.5208333333333334,0.3958333333333333,0.6354166666666666,0.95,1,12
factorial_equal_s3,equal,96,48,48,0,0,0,31.052083333333332,0.5,0.5,0.3958333333333333,0.6145833333333334,0.95,1,12
factorial_equal_s3,M_simple,96,50,46,0,0,0,31.3125,0.5208333333333334,0.5208333333333334,0.4270833333333333,0.6145833333333334,0.95,1,12
factorial_equal_s3,S_simple,96,51,45,0,0,0,31.166666666666668,0.53125,0.53125,0.4375,0.6145833333333334,0.95,1,12
factorial_equal_s4,equal,96,60,36,0,0,0,31.0625,0.625,0.625,0.5208333333333334,0.7291666666666666,0.95,1,12
factorial_equal_s4,M_simple,96,58,38,0,0,0,31.052083333333332,0.6041666666666666,0.6041666666666666,0.5416666666666666,0.6770833333333334,0.95,1,12
factorial_equal_s4,S_simple,96,64,32,0,0,0,31.072916666666668,0.6666666666666666,0.6666666666666666,0.5729166666666666,0.7604166666666666,0.95,1,12
factorial_equal_s5,equal,96,39,57,0,0,0,31.020833333333332,0.40625,0.40625,0.3229166666666667,0.4895833333333333,0.95,1,12
factorial_equal_s5,M_simple,96,40,56,0,0,0,30.989583333333332,0.4166666666666667,0.4166666666666667,0.3229166666666667,0.5104166666666666,0.95,1,12
factorial_equal_s5,S_simple,96,38,58,0,0,0,31.03125,0.3958333333333333,0.3958333333333333,0.28125,0.5,0.95,1,12
base,equal,96,20,61,5,1,9,41.479166666666664,0.20833333333333334,0.3020833333333333,0.14583333333333334,0.40625,0.95,1,12
base,M_simple,96,34,54,0,0,8,42.65625,0.3541666666666667,0.4375,0.23958333333333334,0.53125,0.95,1,12
base,S_simple,96,15,77,0,0,4,39.604166666666664,0.15625,0.19791666666666666,0.08333333333333333,0.2708333333333333,0.95,1,12
pooled_M_simple,equal,576,318,258,0,0,0,31.34375,0.5520833333333334,0.5520833333333334,0.4305555555555556,0.6736111111111112,0.95,6,12
pooled_M_simple,M_simple,576,312,264,0,0,0,31.38715277777778,0.5416666666666666,0.5416666666666666,0.4479166666666667,0.6319444444444444,0.95,6,12
pooled_M_simple,S_simple,576,334,242,0,0,0,31.34201388888889,0.5798611111111112,0.5798611111111112,0.4618055555555556,0.6927083333333334,0.95,6,12
pooled_S_simple,equal,576,300,276,0,0,0,31.20659722222222,0.5208333333333334,0.5208333333333334,0.4010416666666667,0.6458333333333334,0.95,6,12
pooled_S_simple,M_simple,576,291,285,0,0,0,31.22222222222222,0.5052083333333334,0.5052083333333334,0.4079861111111111,0.59375,0.95,6,12
pooled_S_simple,S_simple,576,338,238,0,0,0,31.182291666666668,0.5868055555555556,0.5868055555555556,0.4826388888888889,0.6788194444444444,0.95,6,12
pooled_equal,equal,576,302,274,0,0,0,31.12326388888889,0.5243055555555556,0.5243055555555556,0.4114583333333333,0.6423611111111112,0.95,6,12
pooled_equal,M_simple,576,297,279,0,0,0,31.164930555555557,0.515625,0.515625,0.4184027777777778,0.6041666666666666,0.95,6,12
pooled_equal,S_simple,576,315,261,0,0,0,31.180555555555557,0.546875,0.546875,0.4184027777777778,0.6666666666666666,0.95,6,12
