packet_id,review_id,content_sha256,target,verdict,evidence,reason,reviewer_id,reviewer_type,human_attestation,reviewed_at
human-882a70dbf2c98a25dd8f39d3,H0001,b757d5de69f1cbd585efa6e70075e02dca7dd3325c76201a14aca966caa097a1,M,,,,,,,
human-882a70dbf2c98a25dd8f39d3,H0001,b757d5de69f1cbd585efa6e70075e02dca7dd3325c76201a14aca966caa097a1,S,,,,,,,
human-882a70dbf2c98a25dd8f39d3,H0002,d597100a4053d9cc687199a82231d7ef7099b18566585024c3be55e901df761b,M,,,,,,,
human-882a70dbf2c98a25dd8f39d3,H0002,d597100a4053d9cc687199a82231d7ef7099b18566585024c3be55e901df761b,S,,,,,,,
human-882a70dbf2c98a25dd8f39d3,H0003,699496fb960ea4abe80589b83c9421b7860c518f298492dbc522d938f5dccfe2,M,,,,,,,
human-882a70dbf2c98a25dd8f39d3,H0003,699496fb960ea4abe80589b83c9421b7860c518f298492dbc522d938f5dccfe2,S,,,,,,,
human-882a70dbf2c98a25dd8f39d3,H0004,6351d3be68007b298da702e03ba72d5238fadbccf396e10e0e4bf9b2e26ac5ea,M,,,,,,,
human-882a70dbf2c98a25dd8f39d3,H0004,6351d3be68007b298da702e03ba72d5238fadbccf396e10e0e4bf9b2e26ac5ea,S,,,,,,,
human-882a70dbf2c98a25dd8f39d3,H0005,3894eba85029abadd82fb463bd4e0b62527ff45f0c77385f3893e878b63f5e5b,M,,,,,,,
human-882a70dbf2c98a25dd8f39d3,H0005,3894eba85029abadd82fb463bd4e0b62527ff45f0c77385f3893e878b63f5e5b,S,,,,,,,
human-882a70dbf2c98a25dd8f39d3,H0006,4667fb87455f019ee489c57de05006b746879bb8738d5658c54394891cd8f90c,M,,,,,,,
human-882a70dbf2c98a25dd8f39d3,H0006,4667fb87455f019ee489c57de05006b746879bb8738d5658c54394891cd8f90c,S,,,,,,,
human-882a70dbf2c98a25dd8f39d3,H0007,edeaee31acc0d9db0c0d79c7cfb1f66eabc1cb322e81dd3fac7168e5002ef1d1,M,,,,,,,
human-882a70dbf2c98a25dd8f39d3,H0007,edeaee31acc0d9db0c0d79c7cfb1f66eabc1cb322e81dd3fac7168e5002ef1d1,S,,,,,,,
human-882a70dbf2c98a25dd8f39d3,H0008,7598738fb8cf8cc7ca234cb292386be658a9fb6bfb6d4a666d723bddb887925c,M,,,,,,,
human-882a70dbf2c98a25dd8f39d3,H0008,7598738fb8cf8cc7ca234cb292386be658a9fb6bfb6d4a666d723bddb887925c,S,,,,,,,
human-882a70dbf2c98a25dd8f39d3,H0009,6a28eb7434258f11f801572b047d6da879477a6e096dee070b47c7b7bcd56cb9,M,,,,,,,
human-882a70dbf2c98a25dd8f39d3,H0009,6a28eb7434258f11f801572b047d6da879477a6e096dee070b47c7b7bcd56cb9,S,,,,,,,
human-882a70dbf2c98a25dd8f39d3,H0010,8dd4b78ed2021a8ab0ace09b79f81ffa494563f4ab40afd7928a8024df9db467,M,,,,,,,
human-882a70dbf2c98a25dd8f39d3,H0010,8dd4b78ed2021a8ab0ace09b79f81ffa494563f4ab40afd7928a8024df9db467,S,,,,,,,
human-882a70dbf2c98a25dd8f39d3,H0011,fe4fdefc82c990b6f70387ebca49642fe9dd3a9a3ea1392edade619ad0cfdee6,M,,,,,,,
human-882a70dbf2c98a25dd8f39d3,H0011,fe4fdefc82c990b6f70387ebca49642fe9dd3a9a3ea1392edade619ad0cfdee6,S,,,,,,,
human-882a70dbf2c98a25dd8f39d3,H0012,70688852c33fcc3de81364470bb2a59b0fa8927f0ce81b59f17a943a990d1bf1,M,,,,,,,
human-882a70dbf2c98a25dd8f39d3,H0012,70688852c33fcc3de81364470bb2a59b0fa8927f0ce81b59f17a943a990d1bf1,S,,,,,,,
human-882a70dbf2c98a25dd8f39d3,H0013,e18314a1d8179c323d6d5afdd68e233b4578f1f71eace7f2313a9e6d28ece59f,M,,,,,,,
human-882a70dbf2c98a25dd8f39d3,H0013,e18314a1d8179c323d6d5afdd68e233b4578f1f71eace7f2313a9e6d28ece59f,S,,,,,,,
human-882a70dbf2c98a25dd8f39d3,H0014,ed7e2db30eafb33acaec3ef6b3112f82770e3b650dddcf1f4254d86621e9b20e,M,,,,,,,
human-882a70dbf2c98a25dd8f39d3,H0014,ed7e2db30eafb33acaec3ef6b3112f82770e3b650dddcf1f4254d86621e9b20e,S,,,,,,,
human-882a70dbf2c98a25dd8f39d3,H0015,e2f92a458e7439dc5bd8be4aad77c81fa917eb4a65474aa4e971fad565533a69,M,,,,,,,
human-882a70dbf2c98a25dd8f39d3,H0015,e2f92a458e7439dc5bd8be4aad77c81fa917eb4a65474aa4e971fad565533a69,S,,,,,,,
human-882a70dbf2c98a25dd8f39d3,H0016,87f7139a36c474c61a8ee79fa45daf32c21b3b4ae55231081623754dc322d950,M,,,,,,,
human-882a70dbf2c98a25dd8f39d3,H0016,87f7139a36c474c61a8ee79fa45daf32c21b3b4ae55231081623754dc322d950,S,,,,,,,
human-882a70dbf2c98a25dd8f39d3,H0017,28cce5f8feabd04ab9782a88ae61aa3aed4cb9ce51c44603f6617a072657fc70,M,,,,,,,
human-882a70dbf2c98a25dd8f39d3,H0017,28cce5f8feabd04ab9782a88ae61aa3aed4cb9ce51c44603f6617a072657fc70,S,,,,,,,
human-882a70dbf2c98a25dd8f39d3,H0018,f4b1431972406eace7f5a38d735b6923e5ed208a3c2ac869f6f74a0344afd84a,M,,,,,,,
human-882a70dbf2c98a25dd8f39d3,H0018,f4b1431972406eace7f5a38d735b6923e5ed208a3c2ac869f6f74a0344afd84a,S,,,,,,,
human-882a70dbf2c98a25dd8f39d3,H0019,b5a80c60a2521b83c1e5ac197767aeac367bb42bb87e5242fb5ee54d8dda70a0,M,,,,,,,
human-882a70dbf2c98a25dd8f39d3,H0019,b5a80c60a2521b83c1e5ac197767aeac367bb42bb87e5242fb5ee54d8dda70a0,S,,,,,,,
human-882a70dbf2c98a25dd8f39d3,H0020,811c667e3a32b396ce1545d3091b954332b47d3442e622e0da8427c9c849b0c2,M,,,,,,,
human-882a70dbf2c98a25dd8f39d3,H0020,811c667e3a32b396ce1545d3091b954332b47d3442e622e0da8427c9c849b0c2,S,,,,,,,
human-882a70dbf2c98a25dd8f39d3,H0021,5f952aff3e03cab90eba0d983973b4beee6e17cfb6e2c5af0d910c758bf17f7a,M,,,,,,,
human-882a70dbf2c98a25dd8f39d3,H0021,5f952aff3e03cab90eba0d983973b4beee6e17cfb6e2c5af0d910c758bf17f7a,S,,,,,,,
human-882a70dbf2c98a25dd8f39d3,H0022,e85c3861d8bf91e42093dbed60750874203f2a0da53776ace25f69eabca496ea,M,,,,,,,
human-882a70dbf2c98a25dd8f39d3,H0022,e85c3861d8bf91e42093dbed60750874203f2a0da53776ace25f69eabca496ea,S,,,,,,,
human-882a70dbf2c98a25dd8f39d3,H0023,f8ceef9b6d13717ce34fa8fe1a2621e7442ab59cbb3b2ec86e5cc9e98bec5036,M,,,,,,,
human-882a70dbf2c98a25dd8f39d3,H0023,f8ceef9b6d13717ce34fa8fe1a2621e7442ab59cbb3b2ec86e5cc9e98bec5036,S,,,,,,,
human-882a70dbf2c98a25dd8f39d3,H0024,bebc1e4f72976a2478c29222718d14b74f9e503d336d62ff044a343700b17cad,M,,,,,,,
human-882a70dbf2c98a25dd8f39d3,H0024,bebc1e4f72976a2478c29222718d14b74f9e503d336d62ff044a343700b17cad,S,,,,,,,
human-882a70dbf2c98a25dd8f39d3,H0025,785bcf43162cd4fe9f99b4b6e107f9d7ff2b0fd63ffe1868c9d67d831a1f7676,M,,,,,,,
human-882a70dbf2c98a25dd8f39d3,H0025,785bcf43162cd4fe9f99b4b6e107f9d7ff2b0fd63ffe1868c9d67d831a1f7676,S,,,,,,,
human-882a70dbf2c98a25dd8f39d3,H0026,4541c691ec3e6c20f69df5054cbbc158b78146fbfcd628a11bfefa9cc8d6088f,M,,,,,,,
human-882a70dbf2c98a25dd8f39d3,H0026,4541c691ec3e6c20f69df5054cbbc158b78146fbfcd628a11bfefa9cc8d6088f,S,,,,,,,
human-882a70dbf2c98a25dd8f39d3,H0027,f56218fdd24de0f9a5bb6446df1a5d6c2ad7cd1f4210c9c1055c0c3f1391584a,M,,,,,,,
human-882a70dbf2c98a25dd8f39d3,H0027,f56218fdd24de0f9a5bb6446df1a5d6c2ad7cd1f4210c9c1055c0c3f1391584a,S,,,,,,,
human-882a70dbf2c98a25dd8f39d3,H0028,cd8b9155bae02b36aa2373caff1dcfd3b4b3a26ad948d364fc6e618df109d9ba,M,,,,,,,
human-882a70dbf2c98a25dd8f39d3,H0028,cd8b9155bae02b36aa2373caff1dcfd3b4b3a26ad948d364fc6e618df109d9ba,S,,,,,,,
human-882a70dbf2c98a25dd8f39d3,H0029,d0115d2f66cbcd3a28b38ab0c37f932e0f10729daa59a7aa29e79f836f0b8a21,M,,,,,,,
human-882a70dbf2c98a25dd8f39d3,H0029,d0115d2f66cbcd3a28b38ab0c37f932e0f10729daa59a7aa29e79f836f0b8a21,S,,,,,,,
human-882a70dbf2c98a25dd8f39d3,H0030,12505708cf59c8aa93a8bc6c2285318e66a1d05db390fc2761c0b9c602b25bbe,M,,,,,,,
human-882a70dbf2c98a25dd8f39d3,H0030,12505708cf59c8aa93a8bc6c2285318e66a1d05db390fc2761c0b9c602b25bbe,S,,,,,,,
human-882a70dbf2c98a25dd8f39d3,H0031,35f74d4e2c1ab9cd6b22c93c382a0f08afa40dda1cef081c3a6dfd1dd9a68ebd,M,,,,,,,
human-882a70dbf2c98a25dd8f39d3,H0031,35f74d4e2c1ab9cd6b22c93c382a0f08afa40dda1cef081c3a6dfd1dd9a68ebd,S,,,,,,,
human-882a70dbf2c98a25dd8f39d3,H0032,70913b113bcb1c8656d5c8121b8cb178a6a515043b1007932a1fb6c3d8a67105,M,,,,,,,
human-882a70dbf2c98a25dd8f39d3,H0032,70913b113bcb1c8656d5c8121b8cb178a6a515043b1007932a1fb6c3d8a67105,S,,,,,,,
human-882a70dbf2c98a25dd8f39d3,H0033,a898b7d4dc1381a67638baab48be1f2fb4b09815a59790b4b83ab759836eb97c,M,,,,,,,
human-882a70dbf2c98a25dd8f39d3,H0033,a898b7d4dc1381a67638baab48be1f2fb4b09815a59790b4b83ab759836eb97c,S,,,,,,,
human-882a70dbf2c98a25dd8f39d3,H0034,9f71536fecc5f5769f6a2422ab6fb7f5359d4c8dced17b0e2e9fe7cd7ab873ae,M,,,,,,,
human-882a70dbf2c98a25dd8f39d3,H0034,9f71536fecc5f5769f6a2422ab6fb7f5359d4c8dced17b0e2e9fe7cd7ab873ae,S,,,,,,,
human-882a70dbf2c98a25dd8f39d3,H0035,5ea0050b97c37eb1fc05ecd7d8009cece283414c9385720e266c1c89fdb02725,M,,,,,,,
human-882a70dbf2c98a25dd8f39d3,H0035,5ea0050b97c37eb1fc05ecd7d8009cece283414c9385720e266c1c89fdb02725,S,,,,,,,
human-882a70dbf2c98a25dd8f39d3,H0036,9178f7000ccf14edf9242488f78ff13d29005fe2a5adc47ed18acbe587ba9163,M,,,,,,,
human-882a70dbf2c98a25dd8f39d3,H0036,9178f7000ccf14edf9242488f78ff13d29005fe2a5adc47ed18acbe587ba9163,S,,,,,,,
human-882a70dbf2c98a25dd8f39d3,H0037,3975b65f2583279f10fb78c19aba1a0102da931f98677af2f1b6de76a0d3ff36,M,,,,,,,
human-882a70dbf2c98a25dd8f39d3,H0037,3975b65f2583279f10fb78c19aba1a0102da931f98677af2f1b6de76a0d3ff36,S,,,,,,,
human-882a70dbf2c98a25dd8f39d3,H0038,5a7df735dfdf02d0247b4a325efdc53161addd606350f9c47ae864a59b9b6535,M,,,,,,,
human-882a70dbf2c98a25dd8f39d3,H0038,5a7df735dfdf02d0247b4a325efdc53161addd606350f9c47ae864a59b9b6535,S,,,,,,,
human-882a70dbf2c98a25dd8f39d3,H0039,eeca1ad7c8a7b5dd3c312e53bcfef860ac2d8a812611d69db828ddfd15bd7db0,M,,,,,,,
human-882a70dbf2c98a25dd8f39d3,H0039,eeca1ad7c8a7b5dd3c312e53bcfef860ac2d8a812611d69db828ddfd15bd7db0,S,,,,,,,
human-882a70dbf2c98a25dd8f39d3,H0040,e1f337a190d0f4a3e8b0ff3335f9d918e3c300571a652a2d77446618cda42603,M,,,,,,,
human-882a70dbf2c98a25dd8f39d3,H0040,e1f337a190d0f4a3e8b0ff3335f9d918e3c300571a652a2d77446618cda42603,S,,,,,,,
human-882a70dbf2c98a25dd8f39d3,H0041,a9eb858eb430238abc1749e98e77676b6d90c82567cd825bae98c9df08ba6ed3,M,,,,,,,
human-882a70dbf2c98a25dd8f39d3,H0041,a9eb858eb430238abc1749e98e77676b6d90c82567cd825bae98c9df08ba6ed3,S,,,,,,,
human-882a70dbf2c98a25dd8f39d3,H0042,0670f3dc5875f77bfbc6bef276d090a4e3fece2a81ccf17c76962cb5f34056ff,M,,,,,,,
human-882a70dbf2c98a25dd8f39d3,H0042,0670f3dc5875f77bfbc6bef276d090a4e3fece2a81ccf17c76962cb5f34056ff,S,,,,,,,
human-882a70dbf2c98a25dd8f39d3,H0043,14859cdb1f7eacef83f60af006425b48f3174ae8f05aec6adcc523b33a99e9f1,M,,,,,,,
human-882a70dbf2c98a25dd8f39d3,H0043,14859cdb1f7eacef83f60af006425b48f3174ae8f05aec6adcc523b33a99e9f1,S,,,,,,,
human-882a70dbf2c98a25dd8f39d3,H0044,cba7f94508fec8060fe64949a0638513894178ad4a1a4cd8e27b5671f3bc121d,M,,,,,,,
human-882a70dbf2c98a25dd8f39d3,H0044,cba7f94508fec8060fe64949a0638513894178ad4a1a4cd8e27b5671f3bc121d,S,,,,,,,
human-882a70dbf2c98a25dd8f39d3,H0045,c670bf85815c504a150872bdfd1dcd14e81e374f721429e766794cb08eb114ad,M,,,,,,,
human-882a70dbf2c98a25dd8f39d3,H0045,c670bf85815c504a150872bdfd1dcd14e81e374f721429e766794cb08eb114ad,S,,,,,,,
human-882a70dbf2c98a25dd8f39d3,H0046,d99d787d6f4d8f1592c07de2a35f76db1e5efda538e5b1f412d30ce00f40ad5c,M,,,,,,,
human-882a70dbf2c98a25dd8f39d3,H0046,d99d787d6f4d8f1592c07de2a35f76db1e5efda538e5b1f412d30ce00f40ad5c,S,,,,,,,
human-882a70dbf2c98a25dd8f39d3,H0047,84dadecf0f6e910f03d573ebce4f83fd74a00c1a7c4bc314abc034097faa0617,M,,,,,,,
human-882a70dbf2c98a25dd8f39d3,H0047,84dadecf0f6e910f03d573ebce4f83fd74a00c1a7c4bc314abc034097faa0617,S,,,,,,,
human-882a70dbf2c98a25dd8f39d3,H0048,fdf493e44cdf64f1def7662362560a8318a4004fe8584fd4083c7c560d036d79,M,,,,,,,
human-882a70dbf2c98a25dd8f39d3,H0048,fdf493e44cdf64f1def7662362560a8318a4004fe8584fd4083c7c560d036d79,S,,,,,,,
human-882a70dbf2c98a25dd8f39d3,H0049,252c39e983a8da85fafa74c936911bd01aea35dbe54aac95202a28e61ecb3553,M,,,,,,,
human-882a70dbf2c98a25dd8f39d3,H0049,252c39e983a8da85fafa74c936911bd01aea35dbe54aac95202a28e61ecb3553,S,,,,,,,
human-882a70dbf2c98a25dd8f39d3,H0050,fa568528d08087e1bb9fa304d7c87d3609c3e60f59c9d630fc479ce2294faeb6,M,,,,,,,
human-882a70dbf2c98a25dd8f39d3,H0050,fa568528d08087e1bb9fa304d7c87d3609c3e60f59c9d630fc479ce2294faeb6,S,,,,,,,
human-882a70dbf2c98a25dd8f39d3,H0051,bec320c05c0452eb609681ee8d8d83d8ba5469b5219fc6750291bc575f4b453d,M,,,,,,,
human-882a70dbf2c98a25dd8f39d3,H0051,bec320c05c0452eb609681ee8d8d83d8ba5469b5219fc6750291bc575f4b453d,S,,,,,,,
human-882a70dbf2c98a25dd8f39d3,H0052,f6f3e37aef4bb2eb5b592a9db13d8dcc7d151353c579586bfa6068997ea33e43,M,,,,,,,
human-882a70dbf2c98a25dd8f39d3,H0052,f6f3e37aef4bb2eb5b592a9db13d8dcc7d151353c579586bfa6068997ea33e43,S,,,,,,,
human-882a70dbf2c98a25dd8f39d3,H0053,9162a598810989d6b784d61b6fb23079c68bc4b2e7cd410d600e9cd1f4ab42ab,M,,,,,,,
human-882a70dbf2c98a25dd8f39d3,H0053,9162a598810989d6b784d61b6fb23079c68bc4b2e7cd410d600e9cd1f4ab42ab,S,,,,,,,
human-882a70dbf2c98a25dd8f39d3,H0054,f1db27147e946c251a6ff8749713630c4ebdf7466f1ad896b34a3b285b20f8b8,M,,,,,,,
human-882a70dbf2c98a25dd8f39d3,H0054,f1db27147e946c251a6ff8749713630c4ebdf7466f1ad896b34a3b285b20f8b8,S,,,,,,,
human-882a70dbf2c98a25dd8f39d3,H0055,60438ecf74fee0f19b650bf53022a08963af360e63790fb3e4d90ce83eb3d6c1,M,,,,,,,
human-882a70dbf2c98a25dd8f39d3,H0055,60438ecf74fee0f19b650bf53022a08963af360e63790fb3e4d90ce83eb3d6c1,S,,,,,,,
human-882a70dbf2c98a25dd8f39d3,H0056,c8d7273ed6bf965d98b9c3068a23267535867a5483a3536e10727c616f4ae1ce,M,,,,,,,
human-882a70dbf2c98a25dd8f39d3,H0056,c8d7273ed6bf965d98b9c3068a23267535867a5483a3536e10727c616f4ae1ce,S,,,,,,,
human-882a70dbf2c98a25dd8f39d3,H0057,4c394f57be677df445533ed408341f940b92463cf433881929150b2722402b6d,M,,,,,,,
human-882a70dbf2c98a25dd8f39d3,H0057,4c394f57be677df445533ed408341f940b92463cf433881929150b2722402b6d,S,,,,,,,
human-882a70dbf2c98a25dd8f39d3,H0058,99dd54b3f49aae045125c5cd415b7ff1f28979a252764fc1ef08127d91a8bef9,M,,,,,,,
human-882a70dbf2c98a25dd8f39d3,H0058,99dd54b3f49aae045125c5cd415b7ff1f28979a252764fc1ef08127d91a8bef9,S,,,,,,,
human-882a70dbf2c98a25dd8f39d3,H0059,a75a8f28e52373c3f37f0206f6a2640e3fba7b374b1545f7bdb8a672ccf896a6,M,,,,,,,
human-882a70dbf2c98a25dd8f39d3,H0059,a75a8f28e52373c3f37f0206f6a2640e3fba7b374b1545f7bdb8a672ccf896a6,S,,,,,,,
human-882a70dbf2c98a25dd8f39d3,H0060,d2e4e6ee0450b464f33fd2ecd32932fb81ead1c649043a06544b650138448247,M,,,,,,,
human-882a70dbf2c98a25dd8f39d3,H0060,d2e4e6ee0450b464f33fd2ecd32932fb81ead1c649043a06544b650138448247,S,,,,,,,
human-882a70dbf2c98a25dd8f39d3,H0061,99898f221c242257223734e4d9702a25b6e4e220ed846883d0a74bf840b37363,M,,,,,,,
human-882a70dbf2c98a25dd8f39d3,H0061,99898f221c242257223734e4d9702a25b6e4e220ed846883d0a74bf840b37363,S,,,,,,,
human-882a70dbf2c98a25dd8f39d3,H0062,a59da3c99bb98c5693ce4355751584134828cafa56fd9cb71d49659ef4a23c69,M,,,,,,,
human-882a70dbf2c98a25dd8f39d3,H0062,a59da3c99bb98c5693ce4355751584134828cafa56fd9cb71d49659ef4a23c69,S,,,,,,,
human-882a70dbf2c98a25dd8f39d3,H0063,903f7a3dba0ba8e333e210e338e1f2788e1854cf17b00db39268dbb915832e18,M,,,,,,,
human-882a70dbf2c98a25dd8f39d3,H0063,903f7a3dba0ba8e333e210e338e1f2788e1854cf17b00db39268dbb915832e18,S,,,,,,,
human-882a70dbf2c98a25dd8f39d3,H0064,5c3065649816cd5cd89e92c3ba6be4cdc1275614dd73f59956987543305a0eac,M,,,,,,,
human-882a70dbf2c98a25dd8f39d3,H0064,5c3065649816cd5cd89e92c3ba6be4cdc1275614dd73f59956987543305a0eac,S,,,,,,,
human-882a70dbf2c98a25dd8f39d3,H0065,a05fe2ddb594dea6d2350e8f73d1273891b4559a23a1e455c162d887de6a4a2f,M,,,,,,,
human-882a70dbf2c98a25dd8f39d3,H0065,a05fe2ddb594dea6d2350e8f73d1273891b4559a23a1e455c162d887de6a4a2f,S,,,,,,,
human-882a70dbf2c98a25dd8f39d3,H0066,a6aec8fe2b010da7f8aab8e538c9fba6754f3c6fe4aafb5d0a46bdefd4c653e1,M,,,,,,,
human-882a70dbf2c98a25dd8f39d3,H0066,a6aec8fe2b010da7f8aab8e538c9fba6754f3c6fe4aafb5d0a46bdefd4c653e1,S,,,,,,,
human-882a70dbf2c98a25dd8f39d3,H0067,accb6b8d35f0f7215e7b4abeb9da238669541cffacbb8450812af61d562b5143,M,,,,,,,
human-882a70dbf2c98a25dd8f39d3,H0067,accb6b8d35f0f7215e7b4abeb9da238669541cffacbb8450812af61d562b5143,S,,,,,,,
human-882a70dbf2c98a25dd8f39d3,H0068,8bb08e950f39061f355d1b4623cb78043f6340a28602721ef7689bfde351d454,M,,,,,,,
human-882a70dbf2c98a25dd8f39d3,H0068,8bb08e950f39061f355d1b4623cb78043f6340a28602721ef7689bfde351d454,S,,,,,,,
human-882a70dbf2c98a25dd8f39d3,H0069,eecca4b785eaa4eeb10d222c9e5d73f3f85d7412f62ea66af6acae67b4fe2d4d,M,,,,,,,
human-882a70dbf2c98a25dd8f39d3,H0069,eecca4b785eaa4eeb10d222c9e5d73f3f85d7412f62ea66af6acae67b4fe2d4d,S,,,,,,,
human-882a70dbf2c98a25dd8f39d3,H0070,93563a9491507f2a055143e837c38571b33ff73c40de0b96558eb211e34c5805,M,,,,,,,
human-882a70dbf2c98a25dd8f39d3,H0070,93563a9491507f2a055143e837c38571b33ff73c40de0b96558eb211e34c5805,S,,,,,,,
human-882a70dbf2c98a25dd8f39d3,H0071,b33e63467054495c3e913c48de61899c8c3a128c7aa482e4224502860835c135,M,,,,,,,
human-882a70dbf2c98a25dd8f39d3,H0071,b33e63467054495c3e913c48de61899c8c3a128c7aa482e4224502860835c135,S,,,,,,,
human-882a70dbf2c98a25dd8f39d3,H0072,4732f9c4861d560d3b5584358dea1b150d3b08c294596c6b4ed29d9377803da2,M,,,,,,,
human-882a70dbf2c98a25dd8f39d3,H0072,4732f9c4861d560d3b5584358dea1b150d3b08c294596c6b4ed29d9377803da2,S,,,,,,,
human-882a70dbf2c98a25dd8f39d3,H0073,a952967c31591b9f4193a8baf52f19782c016ba4afffd5dcdf2b18f17d13446c,M,,,,,,,
human-882a70dbf2c98a25dd8f39d3,H0073,a952967c31591b9f4193a8baf52f19782c016ba4afffd5dcdf2b18f17d13446c,S,,,,,,,
human-882a70dbf2c98a25dd8f39d3,H0074,4cef31c2a2f2c61896127e2ddbbfedc53e2d680b5bc6c1268ed7ba2f38bde9d7,M,,,,,,,
human-882a70dbf2c98a25dd8f39d3,H0074,4cef31c2a2f2c61896127e2ddbbfedc53e2d680b5bc6c1268ed7ba2f38bde9d7,S,,,,,,,
human-882a70dbf2c98a25dd8f39d3,H0075,85f6abc3c73dff6f75a918209ecdf002bda200676bcad1b11c8e2665673ab0ce,M,,,,,,,
human-882a70dbf2c98a25dd8f39d3,H0075,85f6abc3c73dff6f75a918209ecdf002bda200676bcad1b11c8e2665673ab0ce,S,,,,,,,
human-882a70dbf2c98a25dd8f39d3,H0076,66aaa684278c842036b4ee26602de9e7f6ce6ad2baf6187bffa0f78e4251a898,M,,,,,,,
human-882a70dbf2c98a25dd8f39d3,H0076,66aaa684278c842036b4ee26602de9e7f6ce6ad2baf6187bffa0f78e4251a898,S,,,,,,,
human-882a70dbf2c98a25dd8f39d3,H0077,b906b0c2cf8bf40046da402ea6484bddcbbfa95ac779342e912b88be7bda308d,M,,,,,,,
human-882a70dbf2c98a25dd8f39d3,H0077,b906b0c2cf8bf40046da402ea6484bddcbbfa95ac779342e912b88be7bda308d,S,,,,,,,
human-882a70dbf2c98a25dd8f39d3,H0078,7f926b29a9e9718766750720296cce2178c58c3c81b7d4cf58e071691f909f94,M,,,,,,,
human-882a70dbf2c98a25dd8f39d3,H0078,7f926b29a9e9718766750720296cce2178c58c3c81b7d4cf58e071691f909f94,S,,,,,,,
human-882a70dbf2c98a25dd8f39d3,H0079,d81b620825e1c317e1c120c2dca1ba697aa77e0cbf243d70736fdb1e54fa4a31,M,,,,,,,
human-882a70dbf2c98a25dd8f39d3,H0079,d81b620825e1c317e1c120c2dca1ba697aa77e0cbf243d70736fdb1e54fa4a31,S,,,,,,,
human-882a70dbf2c98a25dd8f39d3,H0080,efe933dffb5c24767be27764944be78240dc50aea48273c90a68e382a8a061d3,M,,,,,,,
human-882a70dbf2c98a25dd8f39d3,H0080,efe933dffb5c24767be27764944be78240dc50aea48273c90a68e382a8a061d3,S,,,,,,,
human-882a70dbf2c98a25dd8f39d3,H0081,943fedce557b65ddeba328fe4723f4c6813be077b8b12089fed5942192e0c830,M,,,,,,,
human-882a70dbf2c98a25dd8f39d3,H0081,943fedce557b65ddeba328fe4723f4c6813be077b8b12089fed5942192e0c830,S,,,,,,,
human-882a70dbf2c98a25dd8f39d3,H0082,49c3aae82c1766c20b0a923828e48f5f84fdcbbc0a91a3fa1adfa47333e1798e,M,,,,,,,
human-882a70dbf2c98a25dd8f39d3,H0082,49c3aae82c1766c20b0a923828e48f5f84fdcbbc0a91a3fa1adfa47333e1798e,S,,,,,,,
human-882a70dbf2c98a25dd8f39d3,H0083,0ce2540f93afd8ea6a241c1aa575c1ab32b13be6174b3173ce0c7a503a3d1bed,M,,,,,,,
human-882a70dbf2c98a25dd8f39d3,H0083,0ce2540f93afd8ea6a241c1aa575c1ab32b13be6174b3173ce0c7a503a3d1bed,S,,,,,,,
human-882a70dbf2c98a25dd8f39d3,H0084,839c96d8e034fe3e2955d33f7c5cd73678ce1ff49466fe45bfde4bda0449181d,M,,,,,,,
human-882a70dbf2c98a25dd8f39d3,H0084,839c96d8e034fe3e2955d33f7c5cd73678ce1ff49466fe45bfde4bda0449181d,S,,,,,,,
human-882a70dbf2c98a25dd8f39d3,H0085,361f97b700c7f7de295eb66f88f5e194e55d079c2407f45be521c57253769f10,M,,,,,,,
human-882a70dbf2c98a25dd8f39d3,H0085,361f97b700c7f7de295eb66f88f5e194e55d079c2407f45be521c57253769f10,S,,,,,,,
human-882a70dbf2c98a25dd8f39d3,H0086,8b48ba2ed5622444f57d26dff0a3f6f45b07a92a1625dc789515d7ee7408d815,M,,,,,,,
human-882a70dbf2c98a25dd8f39d3,H0086,8b48ba2ed5622444f57d26dff0a3f6f45b07a92a1625dc789515d7ee7408d815,S,,,,,,,
human-882a70dbf2c98a25dd8f39d3,H0087,cd222eba97a81dc8b9c1b2f258e231482cfedad015cf757028e64dbff1bce78f,M,,,,,,,
human-882a70dbf2c98a25dd8f39d3,H0087,cd222eba97a81dc8b9c1b2f258e231482cfedad015cf757028e64dbff1bce78f,S,,,,,,,
human-882a70dbf2c98a25dd8f39d3,H0088,3c09a32b73a164d95af1b98420800753c08fa7d1f7dceadb6801d7dd2ee0be14,M,,,,,,,
human-882a70dbf2c98a25dd8f39d3,H0088,3c09a32b73a164d95af1b98420800753c08fa7d1f7dceadb6801d7dd2ee0be14,S,,,,,,,
human-882a70dbf2c98a25dd8f39d3,H0089,24c1fa3343af901b23645b00b85e553c34ad30a0cffed476e69ef9a35568ff3d,M,,,,,,,
human-882a70dbf2c98a25dd8f39d3,H0089,24c1fa3343af901b23645b00b85e553c34ad30a0cffed476e69ef9a35568ff3d,S,,,,,,,
human-882a70dbf2c98a25dd8f39d3,H0090,dc21814d12847c00d855e2749d98a8d9d0e964e9ead031c3c7c336d0ac9ade41,M,,,,,,,
human-882a70dbf2c98a25dd8f39d3,H0090,dc21814d12847c00d855e2749d98a8d9d0e964e9ead031c3c7c336d0ac9ade41,S,,,,,,,
human-882a70dbf2c98a25dd8f39d3,H0091,690924f6049825eeef5aaa7507d28b9856f4d170ddd99101b571b6fbcd073c56,M,,,,,,,
human-882a70dbf2c98a25dd8f39d3,H0091,690924f6049825eeef5aaa7507d28b9856f4d170ddd99101b571b6fbcd073c56,S,,,,,,,
human-882a70dbf2c98a25dd8f39d3,H0092,d78e95f45f8d827c05798469362af59153d2bd0e2c8c8f9259cae7b8d4017bec,M,,,,,,,
human-882a70dbf2c98a25dd8f39d3,H0092,d78e95f45f8d827c05798469362af59153d2bd0e2c8c8f9259cae7b8d4017bec,S,,,,,,,
human-882a70dbf2c98a25dd8f39d3,H0093,129d41a9f356aa4af7726e78a18e68bae75a0706a6d22336dfde48dfe321e32f,M,,,,,,,
human-882a70dbf2c98a25dd8f39d3,H0093,129d41a9f356aa4af7726e78a18e68bae75a0706a6d22336dfde48dfe321e32f,S,,,,,,,
human-882a70dbf2c98a25dd8f39d3,H0094,83a88f36e5fdbe76f2f496181a3971ef4c98b7f8e1e4bfddd4a4be61da315004,M,,,,,,,
human-882a70dbf2c98a25dd8f39d3,H0094,83a88f36e5fdbe76f2f496181a3971ef4c98b7f8e1e4bfddd4a4be61da315004,S,,,,,,,
human-882a70dbf2c98a25dd8f39d3,H0095,cac3d8287af2d94a6f5182b658c3de792927e2d0eb34ae9d1373ea04deb551a9,M,,,,,,,
human-882a70dbf2c98a25dd8f39d3,H0095,cac3d8287af2d94a6f5182b658c3de792927e2d0eb34ae9d1373ea04deb551a9,S,,,,,,,
human-882a70dbf2c98a25dd8f39d3,H0096,ee8be429392504361fa010c61a7b4dec11f31a31421e971a21aa1923184e2253,M,,,,,,,
human-882a70dbf2c98a25dd8f39d3,H0096,ee8be429392504361fa010c61a7b4dec11f31a31421e971a21aa1923184e2253,S,,,,,,,
